Discount price,Stars,Rating,Reviews,discount_pct(%),brand,ram_gb,storage_gb,storage_type,processor_tier,is_gaming,processor_brand,processor_generation,premium_brand
54990.0,3.9,7.0,1.0,38.89,MSI,16.0,512.0,SSD,Mid,0,Intel,12,1
67990.0,0.0,0.0,0.0,19.05,MSI,8.0,1024.0,SSD,High,0,Intel,12,1
35660.0,4.2,1805.0,143.0,27.58,DELL,8.0,512.0,SSD,Entry,0,Intel,12,0
26990.0,4.2,6977.0,596.0,38.66,Acer,8.0,512.0,SSD,Entry,0,Intel,11,0
27989.0,4.2,1263.0,113.0,52.88,Lenovo,8.0,512.0,SSD,Entry,0,AMD,0,0
32990.0,5.0,7.0,0.0,48.37,Lenovo,8.0,512.0,SSD,Entry,0,AMD,0,0
36175.0,4.6,5.0,0.0,28.85,HP,8.0,512.0,SSD,Entry,0,Intel,12,0
84490.0,2.3,3.0,0.0,14.78,HP,16.0,512.0,SSD,Mid,0,AMD,0,0
59990.0,4.3,1098.0,108.0,36.18,Acer,16.0,512.0,SSD,Mid,0,Intel,13,0
35490.0,4.3,4029.0,466.0,20.75,HP,8.0,512.0,SSD,Entry,0,AMD,0,0
124990.0,0.0,0.0,0.0,13.2,ASUS,16.0,512.0,SSD,High,1,AMD,0,0
142990.0,0.0,0.0,0.0,16.86,ASUS,16.0,1024.0,SSD,Ultra,1,AMD,0,0
42990.0,4.3,3246.0,255.0,27.27,HP,16.0,512.0,SSD,Mid,0,AMD,0,0
32490.0,4.3,320.0,13.0,31.68,HP,8.0,512.0,SSD,Entry,0,Intel,12,0
24990.0,4.2,156.0,28.0,50.01,CHUWI,16.0,512.0,SSD,Mid,0,Intel,10,0
40990.0,4.5,13.0,2.0,18.02,Lenovo,16.0,512.0,SSD,High,0,AMD,0,0
124990.0,0.0,0.0,0.0,10.72,MSI,16.0,1024.0,SSD,High,0,Intel,14,1
189990.0,0.0,0.0,0.0,10.8,MSI,32.0,1024.0,SSD,Ultra,0,Intel,0,1
29990.0,4.3,553.0,65.0,33.34,MSI,8.0,512.0,SSD,Entry,0,Intel,12,1
36990.0,4.2,3102.0,221.0,27.85,HP,8.0,512.0,SSD,Entry,0,Intel,12,0
94490.0,0.0,0.0,0.0,14.4,HP,16.0,512.0,SSD,High,0,AMD,0,0
64990.0,0.0,0.0,0.0,26.97,MSI,16.0,512.0,SSD,Ultra,1,Intel,0,1
39490.0,4.3,7151.0,559.0,27.61,HP,8.0,512.0,SSD,Mid,0,AMD,0,0
36990.0,4.3,3696.0,315.0,35.09,ASUS,8.0,512.0,SSD,Entry,0,Intel,12,0
47490.0,4.2,443.0,31.0,26.5,DELL,8.0,512.0,SSD,Mid,0,Intel,12,0
36990.0,4.2,3102.0,221.0,27.85,HP,8.0,512.0,SSD,Entry,0,Intel,12,0
35990.0,4.2,4232.0,410.0,34.67,Lenovo,8.0,512.0,SSD,Mid,0,AMD,0,0
53990.0,4.3,5330.0,492.0,28.95,ASUS,8.0,512.0,SSD,Mid,1,Intel,11,0
61500.0,4.3,1766.0,191.0,29.3,ASUS,16.0,512.0,SSD,High,0,AMD,0,0
27490.0,5.0,3.0,0.0,31.26,Thomson,8.0,256.0,SSD,Entry,0,Intel,12,0
54990.0,3.9,7.0,1.0,38.89,MSI,16.0,512.0,SSD,Mid,0,Intel,12,1
67990.0,4.5,293.0,32.0,17.88,SAMSUNG,16.0,512.0,SSD,Mid,0,Intel,13,0
30690.0,4.2,4087.0,376.0,34.91,HP,8.0,512.0,SSD,Entry,0,AMD,0,0
28990.0,4.1,356.0,34.0,32.58,Acer,8.0,512.0,SSD,Entry,0,Intel,12,0
40990.0,4.6,16.0,2.0,24.84,HP,8.0,512.0,SSD,Entry,0,Intel,13,0
51990.0,4.2,112.0,15.0,23.53,MSI,8.0,512.0,SSD,Mid,0,Intel,12,1
43770.0,4.7,3.0,1.0,37.46,Thomson,16.0,512.0,SSD,High,0,Intel,12,0
34990.0,4.6,8.0,0.0,36.6,Lenovo,8.0,512.0,SSD,Entry,0,Intel,12,0
33990.0,4.3,1885.0,234.0,45.17,MSI,8.0,512.0,SSD,Mid,0,AMD,0,1
42990.0,4.2,5540.0,485.0,18.46,HP,16.0,512.0,SSD,Entry,0,Intel,12,0
28129.0,5.0,3.0,0.0,37.48,Thomson,8.0,512.0,SSD,Entry,0,Intel,12,0
38990.0,4.2,5540.0,485.0,23.75,HP,8.0,512.0,SSD,Entry,0,Intel,12,0
41990.0,4.4,2030.0,245.0,32.26,ASUS,8.0,512.0,SSD,Entry,0,AMD,0,0
19990.0,4.0,2157.0,210.0,41.19,ASUS,4.0,256.0,SSD,Entry,0,Intel,0,0
57990.0,4.3,424.0,21.0,24.05,HP,16.0,512.0,SSD,Mid,0,Intel,12,0
67990.0,0.0,0.0,0.0,19.05,MSI,8.0,1024.0,SSD,High,0,Intel,12,1
53390.0,3.8,53.0,5.0,23.61,Lenovo,16.0,512.0,SSD,Mid,0,Intel,12,0
42990.0,4.2,5540.0,485.0,18.46,HP,16.0,512.0,SSD,Entry,0,Intel,12,0
16990.0,3.7,602.0,76.0,51.44,CHUWI,8.0,256.0,SSD,Entry,0,Intel,11,0
36990.0,4.2,3102.0,221.0,27.85,HP,8.0,512.0,SSD,Entry,0,Intel,12,0
35990.0,4.2,4232.0,410.0,34.67,Lenovo,8.0,512.0,SSD,Mid,0,AMD,0,0
35390.0,4.2,1733.0,193.0,28.77,DELL,8.0,512.0,SSD,Entry,0,Intel,12,0
67990.0,4.3,106.0,10.0,36.46,Acer,16.0,512.0,SSD,High,0,Intel,13,0
40990.0,4.3,3696.0,315.0,30.51,ASUS,16.0,512.0,SSD,Entry,0,Intel,12,0
19999.0,3.9,1455.0,114.0,26.09,HP,4.0,256.0,SSD,Other,0,AMD,0,0
27490.0,5.0,3.0,0.0,31.26,Thomson,8.0,256.0,SSD,Entry,0,Intel,12,0
54990.0,3.9,7.0,1.0,38.89,MSI,16.0,512.0,SSD,Mid,0,Intel,12,1
40199.0,4.2,4232.0,410.0,51.57,Lenovo,16.0,512.0,SSD,Mid,0,AMD,0,0
48500.0,4.2,47.0,5.0,46.7,Lenovo,16.0,512.0,SSD,Mid,0,AMD,0,0
51990.0,4.2,112.0,15.0,23.53,MSI,8.0,512.0,SSD,Mid,0,Intel,12,1
43770.0,4.7,3.0,1.0,37.46,Thomson,16.0,512.0,SSD,High,0,Intel,12,0
19985.0,3.9,1455.0,114.0,26.14,HP,4.0,256.0,SSD,Other,0,AMD,0,0
37880.0,4.2,912.0,109.0,28.51,MSI,8.0,512.0,SSD,Mid,0,Intel,12,1
38990.0,4.1,76.0,5.0,45.85,Lenovo,8.0,512.0,SSD,Mid,0,AMD,0,0
29990.0,4.2,68.0,8.0,31.84,Acer,8.0,512.0,SSD,Entry,0,Intel,12,0
28129.0,5.0,3.0,0.0,37.48,Thomson,8.0,512.0,SSD,Entry,0,Intel,12,0
67990.0,0.0,0.0,0.0,19.05,MSI,8.0,1024.0,SSD,High,0,Intel,12,1
51990.0,4.2,1915.0,105.0,30.67,ASUS,16.0,512.0,SSD,Mid,0,Intel,12,0
37490.0,3.8,50.0,2.0,42.28,HP,8.0,512.0,SSD,Mid,0,Intel,11,0
53390.0,3.8,53.0,5.0,23.61,Lenovo,16.0,512.0,SSD,Mid,0,Intel,12,0
38990.0,4.2,5540.0,485.0,23.75,HP,8.0,512.0,SSD,Entry,0,Intel,12,0
36490.0,4.2,1805.0,143.0,26.01,DELL,8.0,512.0,SSD,Entry,0,Intel,12,0
16990.0,3.7,354.0,22.0,50.03,Acer,8.0,128.0,EMMC,Entry,0,Intel,0,0
49990.0,4.2,2043.0,117.0,28.65,HP,8.0,512.0,SSD,Mid,0,Intel,12,0
40490.0,4.0,123.0,7.0,38.36,Lenovo,8.0,512.0,SSD,Mid,0,AMD,0,0
36990.0,4.2,3102.0,221.0,27.85,HP,8.0,512.0,SSD,Entry,0,Intel,12,0
35990.0,4.2,4232.0,410.0,34.67,Lenovo,8.0,512.0,SSD,Mid,0,AMD,0,0
66990.0,4.1,385.0,48.0,33.47,Lenovo,16.0,512.0,SSD,Mid,0,Intel,13,0
41990.0,4.8,4.0,1.0,20.76,MSI,16.0,512.0,SSD,Mid,0,Intel,12,1
27490.0,5.0,3.0,0.0,31.26,Thomson,8.0,256.0,SSD,Entry,0,Intel,12,0
54990.0,3.9,7.0,1.0,38.89,MSI,16.0,512.0,SSD,Mid,0,Intel,12,1
54390.0,4.1,52.0,5.0,29.81,Lenovo,16.0,512.0,SSD,Mid,0,Intel,12,0
104990.0,4.4,804.0,85.0,27.59,Acer,16.0,1024.0,SSD,High,1,Intel,13,0
41990.0,4.2,912.0,109.0,25.0,MSI,16.0,512.0,SSD,Mid,0,Intel,12,1
52890.0,4.1,285.0,21.0,32.97,DELL,16.0,512.0,SSD,Mid,0,Intel,12,0
51990.0,4.2,112.0,15.0,23.53,MSI,8.0,512.0,SSD,Mid,0,Intel,12,1
43770.0,4.7,3.0,1.0,37.46,Thomson,16.0,512.0,SSD,High,0,Intel,12,0
29990.0,4.2,68.0,8.0,31.84,Acer,8.0,512.0,SSD,Entry,0,Intel,12,0
48990.0,4.2,1304.0,120.0,23.01,HP,8.0,512.0,SSD,Mid,1,AMD,0,0
42990.0,4.2,5540.0,485.0,18.46,HP,16.0,512.0,SSD,Entry,0,Intel,12,0
67990.0,0.0,0.0,0.0,19.05,MSI,8.0,1024.0,SSD,High,0,Intel,12,1
20999.0,3.2,58.0,13.0,54.34,Ultimus,8.0,512.0,SSD,Mid,0,Intel,10,0
76440.0,4.6,141.0,10.0,17.01,HP,16.0,512.0,SSD,Mid,0,Intel,13,0
46460.0,4.0,539.0,39.0,25.81,DELL,8.0,512.0,SSD,Mid,0,Intel,12,0
36390.0,4.1,270.0,13.0,26.77,HP,8.0,512.0,SSD,Entry,0,Intel,12,0
36990.0,4.2,3102.0,221.0,27.85,HP,8.0,512.0,SSD,Entry,0,Intel,12,0
35990.0,4.2,4232.0,410.0,34.67,Lenovo,8.0,512.0,SSD,Mid,0,AMD,0,0
18990.0,3.7,602.0,76.0,52.51,CHUWI,8.0,256.0,SSD,Entry,0,Intel,11,0
75990.0,4.2,194.0,18.0,30.29,Lenovo,16.0,512.0,SSD,Mid,0,Intel,13,0
27490.0,5.0,3.0,0.0,31.26,Thomson,8.0,256.0,SSD,Entry,0,Intel,12,0
54990.0,3.9,7.0,1.0,38.89,MSI,16.0,512.0,SSD,Mid,0,Intel,12,1
69990.0,0.0,0.0,0.0,32.7,ASUS,16.0,1024.0,SSD,Other,0,Intel,0,0
62990.0,4.2,1717.0,145.0,25.89,Acer,16.0,512.0,SSD,Mid,0,Intel,12,0
39990.0,4.1,263.0,19.0,24.55,Acer,8.0,512.0,SSD,Mid,0,Intel,12,0
30990.0,4.0,3.0,0.0,26.21,Acer,16.0,512.0,SSD,Entry,0,AMD,0,0
51990.0,4.2,112.0,15.0,23.53,MSI,8.0,512.0,SSD,Mid,0,Intel,12,1
43770.0,4.7,3.0,1.0,37.46,Thomson,16.0,512.0,SSD,High,0,Intel,12,0
43990.0,4.3,33.0,2.0,56.01,Lenovo,8.0,512.0,SSD,Mid,0,Intel,12,0
86990.0,4.6,24.0,6.0,30.29,Lenovo,24.0,512.0,SSD,High,0,AMD,0,0
42990.0,4.2,5540.0,485.0,18.46,HP,16.0,512.0,SSD,Entry,0,Intel,12,0
67990.0,0.0,0.0,0.0,19.05,MSI,8.0,1024.0,SSD,High,0,Intel,12,1
51990.0,4.4,659.0,99.0,30.68,realme,16.0,512.0,SSD,Mid,0,Intel,11,0
86690.0,4.5,21.0,2.0,28.76,Lenovo,16.0,1024.0,SSD,High,0,AMD,0,0
33990.0,3.8,440.0,68.0,44.28,ZEBRONICS,8.0,512.0,SSD,Mid,0,Intel,12,0
35990.0,4.1,102.0,10.0,28.76,DELL,8.0,512.0,SSD,Entry,0,Intel,12,0
53390.0,3.8,53.0,5.0,23.61,Lenovo,16.0,512.0,SSD,Mid,0,Intel,12,0
38990.0,4.2,5540.0,485.0,23.75,HP,8.0,512.0,SSD,Entry,0,Intel,12,0
17990.0,3.8,133.0,16.0,44.47,HP,4.0,64.0,EMMC,Entry,0,Intel,0,0
30990.0,4.1,203.0,12.0,41.52,Acer,8.0,512.0,SSD,Entry,0,Intel,12,0
49990.0,4.2,73.0,2.0,20.6,HP,8.0,512.0,SSD,Mid,0,Intel,12,0
29990.0,4.2,127.0,24.0,45.46,Infinix,8.0,512.0,SSD,Entry,0,Intel,13,0
36990.0,4.2,3102.0,221.0,27.85,HP,8.0,512.0,SSD,Entry,0,Intel,12,0
35990.0,4.2,4232.0,410.0,34.67,Lenovo,8.0,512.0,SSD,Mid,0,AMD,0,0
48490.0,3.9,145.0,7.0,26.5,DELL,8.0,512.0,SSD,Mid,0,Intel,12,0
22990.0,4.0,4273.0,587.0,42.51,Infinix,8.0,512.0,SSD,Entry,0,Intel,11,0
27490.0,5.0,3.0,0.0,31.26,Thomson,8.0,256.0,SSD,Entry,0,Intel,12,0
54990.0,3.9,7.0,1.0,38.89,MSI,16.0,512.0,SSD,Mid,0,Intel,12,1
36990.0,4.3,399.0,54.0,32.73,ASUS,8.0,512.0,SSD,Entry,0,Intel,12,0
26490.0,4.1,414.0,29.0,41.02,HP,8.0,512.0,SSD,Entry,0,AMD,0,0
42990.0,4.3,553.0,65.0,12.25,MSI,16.0,512.0,SSD,Entry,0,Intel,12,1
57490.0,4.1,21.0,3.0,40.85,Lenovo,16.0,512.0,SSD,Mid,0,Intel,13,0
51990.0,4.2,112.0,15.0,23.53,MSI,8.0,512.0,SSD,Mid,0,Intel,12,1
43770.0,4.7,3.0,1.0,37.46,Thomson,16.0,512.0,SSD,High,0,Intel,12,0
26990.0,4.1,524.0,25.0,33.41,HP,8.0,512.0,SSD,Entry,0,AMD,0,0
38990.0,4.2,5540.0,485.0,30.7,HP,8.0,512.0,SSD,Entry,0,Intel,12,0
42990.0,4.2,5540.0,485.0,18.46,HP,16.0,512.0,SSD,Entry,0,Intel,12,0
67990.0,0.0,0.0,0.0,19.05,MSI,8.0,1024.0,SSD,High,0,Intel,12,1
65990.0,4.3,1913.0,192.0,24.14,ASUS,16.0,512.0,SSD,Other,0,Intel,0,0
62990.0,4.3,249.0,33.0,17.11,MSI,16.0,512.0,SSD,Mid,0,Intel,12,1
15990.0,3.6,119.0,11.0,60.02,Acer,8.0,64.0,EMMC,Entry,0,Intel,0,0
78990.0,4.3,50.0,3.0,32.48,ASUS,16.0,512.0,SSD,Other,0,Intel,0,0
53390.0,3.8,53.0,5.0,23.61,Lenovo,16.0,512.0,SSD,Mid,0,Intel,12,0
38990.0,4.2,5540.0,485.0,23.75,HP,8.0,512.0,SSD,Entry,0,Intel,12,0
69990.0,4.4,267.0,26.0,29.3,ASUS,16.0,1024.0,SSD,High,0,AMD,0,0
47990.0,4.3,133.0,13.0,36.0,ASUS,8.0,1024.0,SSD,Mid,0,AMD,0,0
36990.0,4.2,3102.0,221.0,27.85,HP,8.0,512.0,SSD,Entry,0,Intel,12,0
35990.0,4.2,4232.0,410.0,34.67,Lenovo,8.0,512.0,SSD,Mid,0,AMD,0,0
119990.0,4.5,87.0,6.0,25.01,Acer,16.0,1024.0,SSD,High,1,Intel,13,0
69990.0,0.0,0.0,0.0,13.58,ASUS,16.0,512.0,SSD,Mid,0,Intel,12,0
57990.0,4.3,5330.0,492.0,32.56,ASUS,16.0,512.0,SSD,Mid,1,Intel,11,0
27490.0,5.0,3.0,0.0,31.26,Thomson,8.0,256.0,SSD,Entry,0,Intel,12,0
54990.0,3.9,7.0,1.0,38.89,MSI,16.0,512.0,SSD,Mid,0,Intel,12,1
43990.0,3.4,56.0,3.0,32.31,Acer,16.0,512.0,SSD,Mid,0,Intel,12,0
63990.0,4.5,293.0,32.0,18.16,SAMSUNG,8.0,512.0,SSD,Mid,0,Intel,13,0
43770.0,4.7,3.0,1.0,37.46,Thomson,16.0,512.0,SSD,High,0,Intel,12,0
51990.0,4.2,112.0,15.0,23.53,MSI,8.0,512.0,SSD,Mid,0,Intel,12,1
80990.0,4.1,81.0,17.0,19.88,Lenovo,16.0,1024.0,SSD,Ultra,0,Intel,0,0
40990.0,3.9,218.0,17.0,48.11,ZEBRONICS,16.0,512.0,SSD,High,0,Intel,12,0
47990.0,3.9,174.0,19.0,36.0,ASUS,8.0,512.0,SSD,Mid,0,Intel,13,0
19990.0,4.0,1566.0,210.0,33.34,Infinix,4.0,128.0,SSD,Entry,0,Intel,11,0
42990.0,4.2,5540.0,485.0,18.46,HP,16.0,512.0,SSD,Entry,0,Intel,12,0
67990.0,0.0,0.0,0.0,19.05,MSI,8.0,1024.0,SSD,High,0,Intel,12,1
54990.0,4.8,17.0,1.0,19.13,Acer,16.0,1024.0,SSD,High,0,Intel,12,0
52990.0,4.2,1915.0,105.0,20.9,ASUS,16.0,512.0,SSD,Mid,0,Intel,12,0
38990.0,4.2,5540.0,485.0,23.75,HP,8.0,512.0,SSD,Entry,0,Intel,12,0
53390.0,3.8,53.0,5.0,23.61,Lenovo,16.0,512.0,SSD,Mid,0,Intel,12,0
33990.0,3.8,440.0,68.0,44.28,ZEBRONICS,8.0,512.0,SSD,Mid,0,Intel,12,0
89990.0,4.3,141.0,17.0,23.85,HP,16.0,512.0,SSD,Mid,0,Intel,13,0
74990.0,4.5,79.0,20.0,19.36,Acer,16.0,512.0,SSD,Ultra,0,Intel,0,0
42990.0,4.1,9.0,0.0,39.44,ASUS,16.0,512.0,SSD,Mid,0,AMD,0,0
36990.0,4.2,3102.0,221.0,27.85,HP,8.0,512.0,SSD,Entry,0,Intel,12,0
35990.0,4.2,4232.0,410.0,34.67,Lenovo,8.0,512.0,SSD,Mid,0,AMD,0,0
97990.0,4.1,76.0,10.0,23.33,HP,16.0,512.0,SSD,High,0,Intel,13,0
37990.0,4.4,13.0,1.0,39.69,ASUS,8.0,512.0,SSD,Mid,0,AMD,0,0
27490.0,5.0,3.0,0.0,31.26,Thomson,8.0,256.0,SSD,Entry,0,Intel,12,0
54990.0,3.9,7.0,1.0,38.89,MSI,16.0,512.0,SSD,Mid,0,Intel,12,1
108990.0,4.5,24.0,5.0,25.8,Lenovo,32.0,1024.0,SSD,Ultra,0,Intel,0,0
13990.0,3.5,168.0,14.0,60.02,CHUWI,4.0,128.0,SSD,Entry,0,Intel,10,0
79990.0,5.0,4.0,1.0,31.63,ASUS,16.0,512.0,SSD,Other,0,Intel,0,0
34990.0,4.2,4047.0,418.0,31.38,ASUS,8.0,512.0,SSD,Entry,0,AMD,0,0
51990.0,4.2,112.0,15.0,23.53,MSI,8.0,512.0,SSD,Mid,0,Intel,12,1
43770.0,4.7,3.0,1.0,37.46,Thomson,16.0,512.0,SSD,High,0,Intel,12,0
25990.0,4.0,513.0,56.0,35.02,Acer,8.0,512.0,SSD,Entry,0,AMD,0,0
41990.0,4.2,187.0,38.0,35.39,Infinix,16.0,512.0,SSD,Mid,0,Intel,13,0
42990.0,4.2,5540.0,485.0,18.46,HP,16.0,512.0,SSD,Entry,0,Intel,12,0
67990.0,0.0,0.0,0.0,19.05,MSI,8.0,1024.0,SSD,High,0,Intel,12,1
54990.0,0.0,0.0,0.0,20.34,DELL,16.0,512.0,SSD,Mid,0,Intel,13,0
50690.0,4.1,392.0,35.0,30.94,HP,16.0,512.0,SSD,Mid,0,Intel,12,0
32990.0,4.0,268.0,13.0,37.63,Lenovo,8.0,512.0,SSD,Entry,0,AMD,0,0
27990.0,4.2,36.0,6.0,57.38,Lenovo,8.0,512.0,SSD,Entry,0,AMD,0,0
54990.0,3.9,7.0,1.0,38.89,MSI,16.0,512.0,SSD,Mid,0,Intel,12,1
67990.0,0.0,0.0,0.0,19.05,MSI,8.0,1024.0,SSD,High,0,Intel,12,1
58990.0,4.5,24.0,2.0,17.23,HP,16.0,1024.0,SSD,High,0,AMD,0,0
65990.0,4.5,386.0,28.0,23.26,ASUS,16.0,1024.0,SSD,Mid,0,AMD,0,0
142990.0,0.0,0.0,0.0,16.86,ASUS,16.0,1024.0,SSD,Ultra,1,AMD,0,0
84490.0,2.3,3.0,0.0,14.78,HP,16.0,512.0,SSD,Mid,0,AMD,0,0
28990.0,3.8,858.0,91.0,40.84,ZEBRONICS,8.0,512.0,SSD,Mid,0,Intel,11,0
21990.0,4.1,197.0,31.0,51.12,CHUWI,8.0,256.0,SSD,Entry,0,Intel,12,0
26990.0,4.0,589.0,42.0,30.78,ASUS,8.0,512.0,SSD,Entry,0,Intel,0,0
189990.0,0.0,0.0,0.0,10.8,MSI,32.0,1024.0,SSD,Ultra,0,Intel,0,1
124990.0,0.0,0.0,0.0,10.72,MSI,16.0,1024.0,SSD,High,0,Intel,14,1
23480.0,3.9,242.0,11.0,36.52,ASUS,8.0,256.0,SSD,Entry,0,Intel,0,0
48500.0,4.2,47.0,5.0,46.7,Lenovo,16.0,512.0,SSD,Mid,0,AMD,0,0
71990.0,0.0,0.0,0.0,25.78,MSI,16.0,512.0,SSD,Ultra,1,Intel,0,1
89990.0,0.0,0.0,0.0,40.0,MSI,16.0,1024.0,SSD,Ultra,0,Intel,0,1
57350.0,4.4,131.0,11.0,29.97,Lenovo,16.0,512.0,SSD,Mid,0,Intel,13,0
28129.0,5.0,3.0,0.0,37.48,Thomson,8.0,512.0,SSD,Entry,0,Intel,12,0
99990.0,0.0,0.0,0.0,29.13,Lenovo,16.0,512.0,SSD,High,0,AMD,0,0
36470.0,4.2,1805.0,143.0,40.39,DELL,8.0,512.0,SSD,Entry,0,Intel,12,0
46990.0,4.4,1544.0,144.0,37.34,ASUS,8.0,512.0,SSD,Mid,0,AMD,0,0
36990.0,4.2,3102.0,221.0,27.85,HP,8.0,512.0,SSD,Entry,0,Intel,12,0
35990.0,4.2,4232.0,410.0,34.67,Lenovo,8.0,512.0,SSD,Mid,0,AMD,0,0
39990.0,4.2,1315.0,89.0,36.51,ASUS,8.0,512.0,SSD,Mid,0,AMD,0,0
29990.0,4.5,59.0,17.0,45.46,Infinix,8.0,512.0,SSD,Entry,0,Intel,13,0
82990.0,4.2,105.0,12.0,30.25,ASUS,16.0,1024.0,SSD,Other,0,Intel,0,0
24990.0,4.0,513.0,56.0,35.92,Acer,8.0,256.0,SSD,Entry,0,AMD,0,0
27490.0,5.0,3.0,0.0,31.26,Thomson,8.0,256.0,SSD,Entry,0,Intel,12,0
54990.0,3.9,7.0,1.0,38.89,MSI,16.0,512.0,SSD,Mid,0,Intel,12,1
59841.0,4.2,150.0,13.0,18.01,Lenovo,16.0,512.0,SSD,Mid,0,Intel,12,0
41990.0,4.2,187.0,38.0,35.39,Infinix,16.0,512.0,SSD,Mid,0,Intel,13,0
51990.0,4.2,112.0,15.0,23.53,MSI,8.0,512.0,SSD,Mid,0,Intel,12,1
43770.0,4.7,3.0,1.0,37.46,Thomson,16.0,512.0,SSD,High,0,Intel,12,0
36990.0,4.3,1885.0,234.0,43.08,MSI,16.0,512.0,SSD,Mid,0,AMD,0,1
15990.0,3.8,997.0,94.0,51.53,ASUS,4.0,64.0,EMMC,Entry,0,Intel,0,0
32400.0,3.8,89.0,3.0,44.14,HP,8.0,512.0,SSD,Entry,0,Intel,12,0
42990.0,4.2,5540.0,485.0,18.46,HP,16.0,512.0,SSD,Entry,0,Intel,12,0
67990.0,0.0,0.0,0.0,19.05,MSI,8.0,1024.0,SSD,High,0,Intel,12,1
20990.0,3.8,69.0,8.0,36.39,Acer,8.0,512.0,SSD,Entry,0,Intel,0,0
59990.0,3.9,59.0,5.0,26.83,Lenovo,16.0,512.0,SSD,High,0,Intel,12,0
53390.0,3.8,53.0,5.0,23.61,Lenovo,16.0,512.0,SSD,Mid,0,Intel,12,0
38990.0,4.2,5540.0,485.0,23.75,HP,8.0,512.0,SSD,Entry,0,Intel,12,0
52990.0,4.2,1915.0,105.0,28.38,ASUS,16.0,512.0,SSD,Mid,0,Intel,12,0
28490.0,3.8,835.0,67.0,10.87,HP,8.0,512.0,SSD,Entry,0,Intel,0,0
35990.0,4.2,4238.0,411.0,34.67,Lenovo,8.0,512.0,SSD,Mid,0,AMD,0,0
36990.0,4.2,3102.0,221.0,27.85,HP,8.0,512.0,SSD,Entry,0,Intel,12,0
92990.0,4.3,108.0,8.0,16.97,MSI,16.0,512.0,SSD,High,0,Intel,12,1
70990.0,4.4,14.0,2.0,14.4,HP,16.0,512.0,SSD,Mid,0,Intel,13,0
48160.0,4.2,2043.0,117.0,32.0,HP,8.0,512.0,SSD,Mid,0,Intel,12,0
52990.0,4.0,226.0,19.0,25.2,HP,8.0,512.0,SSD,Mid,0,Intel,13,0
54990.0,3.9,7.0,1.0,38.89,MSI,16.0,512.0,SSD,Mid,0,Intel,12,1
27490.0,5.0,3.0,0.0,31.26,Thomson,8.0,256.0,SSD,Entry,0,Intel,12,0
64990.0,4.3,461.0,34.0,22.36,HP,16.0,512.0,SSD,Mid,0,Intel,13,0
39780.0,3.9,204.0,19.0,38.8,Acer,16.0,1024.0,SSD,Mid,0,AMD,0,0
51990.0,4.2,112.0,15.0,23.53,MSI,8.0,512.0,SSD,Mid,0,Intel,12,1
42990.0,4.2,5540.0,485.0,18.46,HP,16.0,512.0,SSD,Entry,0,Intel,12,0
37990.0,3.7,2378.0,299.0,36.68,Acer,16.0,512.0,SSD,Mid,0,Intel,11,0
60990.0,4.7,7.0,0.0,30.69,ASUS,16.0,1024.0,SSD,Mid,1,Intel,11,0
48990.0,4.6,8.0,0.0,23.66,HP,16.0,512.0,SSD,High,0,AMD,0,0
60990.0,4.3,440.0,30.0,24.32,HP,16.0,512.0,SSD,Mid,0,AMD,0,0
43770.0,4.7,3.0,1.0,37.46,Thomson,16.0,512.0,SSD,High,0,Intel,12,0
28129.0,5.0,3.0,0.0,37.48,Thomson,8.0,512.0,SSD,Entry,0,Intel,12,0
65989.0,4.2,136.0,16.0,28.11,Lenovo,16.0,512.0,SSD,Mid,0,Intel,13,0
29990.0,4.1,1392.0,190.0,45.46,Infinix,8.0,512.0,SSD,Entry,0,Intel,12,0
67990.0,0.0,0.0,0.0,19.05,MSI,8.0,1024.0,SSD,High,0,Intel,12,1
53390.0,3.8,53.0,5.0,23.61,Lenovo,16.0,512.0,SSD,Mid,0,Intel,12,0
51990.0,4.3,133.0,13.0,37.35,ASUS,16.0,1024.0,SSD,Mid,0,AMD,0,0
63990.0,4.3,1795.0,146.0,13.16,HP,16.0,512.0,SSD,Mid,0,Intel,12,0
35490.0,3.9,21.0,2.0,52.04,HP,16.0,512.0,SSD,Entry,0,Intel,11,0
46990.0,4.4,1544.0,144.0,37.34,ASUS,8.0,512.0,SSD,Mid,0,AMD,0,0
36990.0,4.2,3102.0,221.0,27.85,HP,8.0,512.0,SSD,Entry,0,Intel,12,0
35990.0,4.2,4238.0,411.0,34.67,Lenovo,8.0,512.0,SSD,Mid,0,AMD,0,0
31990.0,4.1,896.0,72.0,27.71,HP,8.0,512.0,SSD,Entry,0,Intel,11,0
88990.0,4.3,9.0,4.0,36.44,Colorful,16.0,512.0,SSD,High,0,Intel,13,0
27490.0,5.0,3.0,0.0,31.26,Thomson,8.0,256.0,SSD,Entry,0,Intel,12,0
54990.0,3.9,7.0,1.0,38.89,MSI,16.0,512.0,SSD,Mid,0,Intel,12,1
68990.0,4.7,15.0,1.0,24.7,HP,16.0,512.0,SSD,Mid,0,Intel,13,0
60990.0,4.0,43.0,7.0,26.24,Lenovo,12.0,512.0,SSD,Mid,0,Intel,12,0
48490.0,3.9,44.0,2.0,39.33,DELL,8.0,256.0,SSD,Mid,0,Intel,12,0
78990.0,4.3,24.0,3.0,24.84,Lenovo,16.0,512.0,SSD,Mid,0,Intel,12,0
51990.0,4.2,112.0,15.0,23.53,MSI,8.0,512.0,SSD,Mid,0,Intel,12,1
43770.0,4.7,3.0,1.0,37.46,Thomson,16.0,512.0,SSD,High,0,Intel,12,0
79990.0,4.4,81.0,11.0,25.72,Lenovo,16.0,1024.0,SSD,Ultra,0,Intel,0,0
78990.0,4.1,131.0,10.0,32.48,ASUS,16.0,512.0,SSD,Other,0,Intel,0,0
42990.0,4.2,5540.0,485.0,18.46,HP,16.0,512.0,SSD,Entry,0,Intel,12,0
28129.0,5.0,3.0,0.0,37.48,Thomson,8.0,512.0,SSD,Entry,0,Intel,12,0
76990.0,4.4,109.0,15.0,27.36,ASUS,16.0,512.0,SSD,Other,0,Intel,0,0
52990.0,4.0,3.0,0.0,24.84,HP,8.0,512.0,SSD,Mid,0,Intel,13,0
63990.0,4.2,150.0,13.0,18.58,Lenovo,16.0,1024.0,SSD,Mid,0,Intel,12,0
20990.0,0.0,0.0,0.0,30.01,Acer,8.0,256.0,SSD,Entry,0,Intel,0,0
67990.0,0.0,0.0,0.0,19.05,MSI,8.0,1024.0,SSD,High,0,Intel,12,1
53390.0,3.8,53.0,5.0,23.61,Lenovo,16.0,512.0,SSD,Mid,0,Intel,12,0
34990.0,0.0,0.0,0.0,28.87,DELL,8.0,512.0,SSD,Entry,0,Intel,12,0
43990.0,4.2,912.0,109.0,24.14,MSI,16.0,512.0,SSD,Mid,0,Intel,12,1
36990.0,4.2,3102.0,221.0,27.85,HP,8.0,512.0,SSD,Entry,0,Intel,12,0
35990.0,4.2,4238.0,411.0,34.67,Lenovo,8.0,512.0,SSD,Mid,0,AMD,0,0
39450.0,4.3,3246.0,255.0,20.51,HP,8.0,512.0,SSD,Mid,0,AMD,0,0
76990.0,4.4,81.0,11.0,25.82,Lenovo,16.0,512.0,SSD,Ultra,0,Intel,0,0
129990.0,4.3,65.0,8.0,24.42,Acer,16.0,1024.0,SSD,Ultra,1,Intel,13,0
27490.0,5.0,3.0,0.0,31.26,Thomson,8.0,256.0,SSD,Entry,0,Intel,12,0
54990.0,3.9,7.0,1.0,38.89,MSI,16.0,512.0,SSD,Mid,0,Intel,12,1
33990.0,3.8,440.0,68.0,44.28,ZEBRONICS,8.0,512.0,SSD,Mid,0,Intel,12,0
13990.0,3.6,1379.0,174.0,53.35,Avita,4.0,128.0,SSD,Entry,0,Intel,0,0
51990.0,4.2,112.0,15.0,23.53,MSI,8.0,512.0,SSD,Mid,0,Intel,12,1
43770.0,4.7,3.0,1.0,37.46,Thomson,16.0,512.0,SSD,High,0,Intel,12,0
36200.0,4.2,48.0,2.0,22.32,HP,8.0,512.0,SSD,Entry,0,Intel,12,0
68990.0,4.3,168.0,8.0,20.1,HP,16.0,512.0,SSD,Mid,0,Intel,12,0
52990.0,3.9,68.0,6.0,41.12,Lenovo,16.0,512.0,SSD,High,0,AMD,0,0
42990.0,4.2,5540.0,485.0,18.46,HP,16.0,512.0,SSD,Entry,0,Intel,12,0
28129.0,5.0,3.0,0.0,37.48,Thomson,8.0,512.0,SSD,Entry,0,Intel,12,0
19990.0,3.8,997.0,94.0,39.41,ASUS,8.0,128.0,EMMC,Entry,0,Intel,0,0
54990.0,4.3,424.0,21.0,24.38,HP,8.0,512.0,SSD,Mid,0,Intel,12,0
67990.0,0.0,0.0,0.0,19.05,MSI,8.0,1024.0,SSD,High,0,Intel,12,1
53390.0,3.8,53.0,5.0,23.61,Lenovo,16.0,512.0,SSD,Mid,0,Intel,12,0
17990.0,3.7,1227.0,121.0,40.03,HP,4.0,64.0,EMMC,Entry,0,Intel,0,0
54990.0,4.3,40.0,4.0,37.5,ASUS,16.0,512.0,SSD,High,0,AMD,0,0
68568.0,4.4,677.0,69.0,24.65,Acer,16.0,512.0,SSD,Mid,0,Intel,12,0
41990.0,4.4,2030.0,245.0,32.26,ASUS,8.0,512.0,SSD,Entry,0,AMD,0,0
36990.0,4.2,3102.0,221.0,27.85,HP,8.0,512.0,SSD,Entry,0,Intel,12,0
35990.0,4.2,4238.0,411.0,34.67,Lenovo,8.0,512.0,SSD,Mid,0,AMD,0,0
27990.0,4.1,356.0,34.0,31.73,Acer,8.0,256.0,SSD,Entry,0,Intel,12,0
57990.0,0.0,0.0,0.0,27.5,Acer,16.0,512.0,SSD,Mid,0,Intel,12,0
27490.0,5.0,3.0,0.0,31.26,Thomson,8.0,256.0,SSD,Entry,0,Intel,12,0
54990.0,3.9,7.0,1.0,38.89,MSI,16.0,512.0,SSD,Mid,0,Intel,12,1
62990.0,0.0,0.0,0.0,32.26,ASUS,16.0,512.0,SSD,Mid,0,Intel,13,0
43990.0,3.9,218.0,17.0,46.35,ZEBRONICS,16.0,1024.0,SSD,High,0,Intel,12,0
36990.0,4.2,54.0,6.0,27.46,ASUS,8.0,512.0,SSD,Entry,0,Intel,12,0
52990.0,5.0,6.0,0.0,29.34,ASUS,16.0,512.0,SSD,Mid,0,Intel,12,0
51990.0,4.2,112.0,15.0,23.53,MSI,8.0,512.0,SSD,Mid,0,Intel,12,1
43770.0,4.7,3.0,1.0,37.46,Thomson,16.0,512.0,SSD,High,0,Intel,12,0
24890.0,4.1,3757.0,294.0,32.39,HP,8.0,256.0,SSD,Other,0,AMD,0,0
71990.0,4.4,209.0,26.0,37.39,MSI,16.0,256.0,SSD,Mid,0,Intel,12,1
42990.0,4.2,5540.0,485.0,18.46,HP,16.0,512.0,SSD,Entry,0,Intel,12,0
67990.0,0.0,0.0,0.0,19.05,MSI,8.0,1024.0,SSD,High,0,Intel,12,1
57990.0,0.0,0.0,0.0,20.55,ASUS,16.0,512.0,SSD,Mid,0,Intel,12,0
34990.0,4.2,1167.0,84.0,30.42,Lenovo,8.0,256.0,SSD,Entry,0,Intel,12,0
26990.0,4.0,589.0,42.0,30.78,ASUS,8.0,512.0,SSD,Entry,0,Intel,0,0
31750.0,4.1,41.0,2.0,38.93,ASUS,8.0,512.0,SSD,Entry,0,Intel,11,0
54990.0,3.9,7.0,1.0,38.89,MSI,16.0,512.0,SSD,Mid,0,Intel,12,1
67990.0,0.0,0.0,0.0,19.05,MSI,8.0,1024.0,SSD,High,0,Intel,12,1
52990.0,4.2,621.0,53.0,29.34,Lenovo,8.0,512.0,SSD,Mid,1,Intel,11,0
85990.0,4.3,43.0,11.0,28.34,Colorful,16.0,512.0,SSD,High,0,Intel,12,0
84490.0,2.3,3.0,0.0,14.78,HP,16.0,512.0,SSD,Mid,0,AMD,0,0
124990.0,0.0,0.0,0.0,13.2,ASUS,16.0,512.0,SSD,High,1,AMD,0,0
34790.0,4.1,380.0,27.0,31.94,HP,8.0,256.0,SSD,Entry,0,Intel,11,0
34990.0,4.2,430.0,38.0,31.38,ASUS,8.0,512.0,SSD,Entry,0,Intel,12,0
36990.0,4.2,54.0,6.0,27.46,ASUS,8.0,512.0,SSD,Entry,0,Intel,12,0
48990.0,4.3,1548.0,148.0,22.64,HP,8.0,512.0,SSD,Mid,0,AMD,0,0
142990.0,0.0,0.0,0.0,16.86,ASUS,16.0,1024.0,SSD,Ultra,1,AMD,0,0
124990.0,0.0,0.0,0.0,10.72,MSI,16.0,1024.0,SSD,High,0,Intel,14,1
68989.0,3.5,6.0,0.0,27.07,Lenovo,16.0,512.0,SSD,Mid,0,Intel,13,0
189990.0,0.0,0.0,0.0,10.8,MSI,32.0,1024.0,SSD,Ultra,0,Intel,0,1
94490.0,0.0,0.0,0.0,14.4,HP,16.0,512.0,SSD,High,0,AMD,0,0
25499.0,3.8,295.0,21.0,27.58,HP,8.0,512.0,SSD,Entry,0,AMD,0,0
34800.0,4.2,1305.0,125.0,49.95,Lenovo,8.0,512.0,SSD,Mid,0,AMD,0,0
32990.0,0.0,0.0,0.0,37.86,Lenovo,8.0,512.0,SSD,Entry,0,AMD,0,0
89999.0,4.3,215.0,19.0,12.54,HP,16.0,1024.0,SSD,High,0,Intel,13,0
64990.0,0.0,0.0,0.0,26.97,MSI,16.0,512.0,SSD,Ultra,1,Intel,0,1
174990.0,0.0,0.0,0.0,8.85,ASUS,16.0,1024.0,SSD,Ultra,1,AMD,0,0
15990.0,3.8,1602.0,144.0,51.53,ASUS,4.0,64.0,EMMC,Entry,0,Intel,0,0
54990.0,3.9,7.0,1.0,38.89,MSI,16.0,512.0,SSD,Mid,0,Intel,12,1
67990.0,0.0,0.0,0.0,19.05,MSI,8.0,1024.0,SSD,High,0,Intel,12,1
17990.0,3.8,43.0,4.0,47.07,AXL,4.0,256.0,SSD,Entry,0,Intel,9,0
52990.0,4.1,68.0,3.0,47.01,Lenovo,16.0,512.0,SSD,High,0,AMD,0,0
20990.0,4.1,2580.0,228.0,36.76,Lenovo,4.0,256.0,SSD,Entry,0,Intel,0,0
46990.0,4.2,93.0,6.0,24.44,HP,8.0,512.0,SSD,Mid,0,Intel,12,0
142990.0,0.0,0.0,0.0,16.86,ASUS,16.0,1024.0,SSD,Ultra,1,AMD,0,0
84490.0,2.3,3.0,0.0,14.78,HP,16.0,512.0,SSD,Mid,0,AMD,0,0
58990.0,0.0,0.0,0.0,29.68,Lenovo,16.0,512.0,SSD,Mid,0,AMD,0,0
34990.0,4.4,21.0,1.0,54.56,Lenovo,8.0,512.0,SSD,Mid,0,AMD,0,0
189990.0,0.0,0.0,0.0,10.8,MSI,32.0,1024.0,SSD,Ultra,0,Intel,0,1
124990.0,0.0,0.0,0.0,10.72,MSI,16.0,1024.0,SSD,High,0,Intel,14,1
63990.0,4.2,37.0,2.0,27.28,Lenovo,12.0,512.0,SSD,Mid,0,AMD,0,0
109990.0,4.0,4.0,1.0,21.04,Lenovo,24.0,512.0,SSD,High,0,Intel,13,0
32990.0,4.2,30.0,4.0,53.31,Lenovo,8.0,512.0,SSD,Entry,0,AMD,0,0
71990.0,0.0,0.0,0.0,25.78,MSI,16.0,512.0,SSD,Ultra,1,Intel,0,1
89990.0,0.0,0.0,0.0,40.0,MSI,16.0,1024.0,SSD,Ultra,0,Intel,0,1
29999.0,3.3,11.0,0.0,49.92,Lenovo,8.0,512.0,SSD,Entry,0,AMD,0,0
78990.0,5.0,3.0,0.0,11.6,HP,16.0,512.0,SSD,Ultra,0,Intel,0,0
99990.0,0.0,0.0,0.0,29.13,Lenovo,16.0,512.0,SSD,High,0,AMD,0,0
36470.0,4.2,1805.0,143.0,40.39,DELL,8.0,512.0,SSD,Entry,0,Intel,12,0
72990.0,4.2,61.0,7.0,20.65,SAMSUNG,16.0,512.0,SSD,Other,0,Intel,0,0
55990.0,3.8,86.0,11.0,33.67,DELL,8.0,512.0,SSD,Mid,0,Intel,13,0
54990.0,0.0,0.0,0.0,21.43,MSI,16.0,512.0,SSD,High,0,Intel,12,1
83990.0,4.1,201.0,21.0,37.22,Lenovo,16.0,512.0,SSD,High,0,AMD,0,0
36990.0,4.2,3102.0,221.0,27.85,HP,8.0,512.0,SSD,Entry,0,Intel,12,0
35990.0,4.2,4238.0,411.0,34.67,Lenovo,8.0,512.0,SSD,Mid,0,AMD,0,0
54990.0,4.6,18.0,1.0,16.2,HP,8.0,512.0,SSD,Entry,0,Intel,12,0
43990.0,5.0,7.0,0.0,38.03,ASUS,16.0,512.0,SSD,Mid,0,AMD,0,0
27490.0,5.0,3.0,0.0,31.26,Thomson,8.0,256.0,SSD,Entry,0,Intel,12,0
54990.0,3.9,7.0,1.0,38.89,MSI,16.0,512.0,SSD,Mid,0,Intel,12,1
16990.0,2.0,3.0,1.0,34.63,Thomson,4.0,128.0,SSD,Entry,0,Intel,0,0
49990.0,0.0,0.0,0.0,16.02,DELL,8.0,512.0,SSD,Mid,0,Intel,13,0
38499.0,3.4,17.0,1.0,44.68,DELL,8.0,512.0,SSD,Entry,0,Intel,11,0
51990.0,0.0,0.0,0.0,14.76,MSI,16.0,512.0,SSD,High,0,Intel,12,1
51990.0,4.2,112.0,15.0,23.53,MSI,8.0,512.0,SSD,Mid,0,Intel,12,1
43770.0,4.7,3.0,1.0,37.46,Thomson,16.0,512.0,SSD,High,0,Intel,12,0
32927.0,4.2,7038.0,969.0,37.7,Lenovo,8.0,1024.0,HDD,Mid,0,Intel,8,0
34490.0,3.7,47.0,1.0,34.92,DELL,8.0,512.0,SSD,Entry,0,Intel,12,0
42990.0,4.2,5540.0,485.0,18.46,HP,16.0,512.0,SSD,Entry,0,Intel,12,0
67990.0,0.0,0.0,0.0,19.05,MSI,8.0,1024.0,SSD,High,0,Intel,12,1
58990.0,4.1,149.0,4.0,19.37,DELL,16.0,512.0,SSD,Mid,0,Intel,13,0
59990.0,3.8,4.0,2.0,25.0,Infinix,16.0,512.0,SSD,Ultra,0,Intel,0,0
34990.0,3.8,77.0,7.0,49.67,Lenovo,8.0,512.0,SSD,Mid,0,AMD,0,0
68990.0,4.2,5.0,0.0,25.81,ASUS,16.0,512.0,SSD,Other,0,Intel,0,0
53390.0,3.8,53.0,5.0,23.61,Lenovo,16.0,512.0,SSD,Mid,0,Intel,12,0
38990.0,4.2,5540.0,485.0,23.75,HP,8.0,512.0,SSD,Entry,0,Intel,12,0
30990.0,4.3,3434.0,263.0,36.74,ASUS,8.0,512.0,SSD,Entry,0,Intel,11,0
49990.0,4.5,18.0,3.0,19.36,MSI,16.0,512.0,SSD,High,0,AMD,0,1
35990.0,4.2,4238.0,411.0,34.67,Lenovo,8.0,512.0,SSD,Mid,0,AMD,0,0
36990.0,4.2,3102.0,221.0,27.85,HP,8.0,512.0,SSD,Entry,0,Intel,12,0
45410.0,3.8,61.0,3.0,49.35,DELL,16.0,512.0,SSD,Mid,0,Intel,11,0
39800.0,4.2,70.0,8.0,38.48,Lenovo,8.0,512.0,SSD,Entry,0,Intel,13,0
33990.0,3.9,204.0,19.0,40.36,Acer,8.0,512.0,SSD,Mid,0,AMD,0,0
77890.0,4.1,107.0,12.0,36.05,Lenovo,16.0,512.0,SSD,High,0,Intel,13,0
54990.0,3.9,7.0,1.0,38.89,MSI,16.0,512.0,SSD,Mid,0,Intel,12,1
27490.0,5.0,3.0,0.0,31.26,Thomson,8.0,256.0,SSD,Entry,0,Intel,12,0
47999.0,4.3,7975.0,1042.0,31.43,realme,8.0,512.0,SSD,Mid,0,Intel,11,0
51990.0,4.2,112.0,15.0,23.53,MSI,8.0,512.0,SSD,Mid,0,Intel,12,1
42990.0,4.2,5540.0,485.0,18.46,HP,16.0,512.0,SSD,Entry,0,Intel,12,0
78990.0,4.2,225.0,16.0,15.3,HP,16.0,1024.0,SSD,High,0,Intel,12,0
53990.0,4.1,653.0,53.0,25.59,HP,16.0,512.0,SSD,Mid,1,AMD,0,0
30999.0,3.9,7.0,0.0,38.32,HP,8.0,512.0,SSD,Mid,0,AMD,0,0
49490.0,4.0,105.0,12.0,29.79,DELL,8.0,512.0,SSD,Mid,0,Intel,11,0
43770.0,4.7,3.0,1.0,37.46,Thomson,16.0,512.0,SSD,High,0,Intel,12,0
28129.0,5.0,3.0,0.0,37.48,Thomson,8.0,512.0,SSD,Entry,0,Intel,12,0
29490.0,4.1,598.0,45.0,46.38,Lenovo,8.0,512.0,SSD,Entry,0,AMD,0,0
59990.0,4.1,60.0,5.0,35.63,Lenovo,16.0,512.0,SSD,Mid,0,AMD,0,0
67990.0,0.0,0.0,0.0,19.05,MSI,8.0,1024.0,SSD,High,0,Intel,12,1
53390.0,3.8,53.0,5.0,23.61,Lenovo,16.0,512.0,SSD,Mid,0,Intel,12,0
67990.0,4.4,486.0,58.0,28.2,Lenovo,16.0,512.0,SSD,Mid,1,Intel,12,0
43990.0,3.9,218.0,17.0,46.35,ZEBRONICS,16.0,1024.0,SSD,High,0,Intel,12,0
84990.0,4.3,43.0,11.0,29.17,Colorful,16.0,512.0,SSD,High,0,Intel,12,0
36990.0,4.2,3102.0,221.0,27.85,HP,8.0,512.0,SSD,Entry,0,Intel,12,0
35990.0,4.2,4238.0,411.0,34.67,Lenovo,8.0,512.0,SSD,Mid,0,AMD,0,0
89990.0,3.9,16.0,1.0,21.01,HP,16.0,512.0,SSD,High,0,Intel,12,0
144990.0,0.0,0.0,0.0,15.21,ASUS,32.0,1024.0,SSD,Ultra,0,Intel,0,0
27490.0,5.0,3.0,0.0,31.26,Thomson,8.0,256.0,SSD,Entry,0,Intel,12,0
54990.0,3.9,7.0,1.0,38.89,MSI,16.0,512.0,SSD,Mid,0,Intel,12,1
35000.0,4.6,14.0,2.0,36.35,ASUS,8.0,512.0,SSD,Entry,0,Intel,12,0
82990.0,4.4,230.0,18.0,13.67,HP,16.0,512.0,SSD,High,0,AMD,0,0
53240.0,4.1,58.0,3.0,22.73,HP,16.0,512.0,SSD,Mid,0,AMD,0,0
42500.0,3.7,2378.0,299.0,19.81,Acer,8.0,512.0,SSD,Mid,0,Intel,11,0
51990.0,4.2,112.0,15.0,23.53,MSI,8.0,512.0,SSD,Mid,0,Intel,12,1
43770.0,4.7,3.0,1.0,37.46,Thomson,16.0,512.0,SSD,High,0,Intel,12,0
79990.0,4.3,114.0,16.0,14.47,HP,8.0,512.0,SSD,Mid,0,Intel,12,0
38990.0,4.2,582.0,58.0,29.55,DELL,8.0,256.0,SSD,Entry,0,Intel,11,0
42990.0,4.2,5540.0,485.0,18.46,HP,16.0,512.0,SSD,Entry,0,Intel,12,0
67990.0,0.0,0.0,0.0,19.05,MSI,8.0,1024.0,SSD,High,0,Intel,12,1
72990.0,4.1,385.0,48.0,32.22,Lenovo,16.0,1024.0,SSD,Mid,0,Intel,13,0
32990.0,4.2,385.0,23.0,44.74,Lenovo,8.0,512.0,SSD,Entry,0,Intel,11,0
25499.0,3.8,108.0,12.0,36.33,HP,8.0,512.0,SSD,Entry,0,AMD,0,0
23543.0,4.1,772.0,104.0,39.0,HP,4.0,1024.0,HDD,Entry,0,Intel,8,0
36990.0,4.2,3102.0,221.0,27.85,HP,8.0,512.0,SSD,Entry,0,Intel,12,0
35990.0,4.2,4238.0,411.0,34.67,Lenovo,8.0,512.0,SSD,Mid,0,AMD,0,0
107990.0,4.0,5.0,2.0,26.48,Lenovo,32.0,1024.0,SSD,Ultra,0,Intel,0,0
30999.0,3.6,169.0,9.0,35.58,DELL,8.0,512.0,SSD,Entry,0,Intel,11,0
27490.0,5.0,3.0,0.0,31.26,Thomson,8.0,256.0,SSD,Entry,0,Intel,12,0
54990.0,3.9,7.0,1.0,38.89,MSI,16.0,512.0,SSD,Mid,0,Intel,12,1
45890.0,4.3,8333.0,601.0,24.76,ASUS,16.0,512.0,SSD,Mid,0,Intel,11,0
33894.0,4.3,301.0,45.0,23.78,HP,8.0,512.0,SSD,Entry,0,AMD,0,0
55400.0,4.2,2043.0,117.0,18.8,HP,8.0,1024.0,SSD,Mid,0,Intel,12,0
43770.0,4.7,3.0,1.0,37.46,Thomson,16.0,512.0,SSD,High,0,Intel,12,0
51990.0,4.2,112.0,15.0,23.53,MSI,8.0,512.0,SSD,Mid,0,Intel,12,1
42990.0,4.2,5540.0,485.0,18.46,HP,16.0,512.0,SSD,Entry,0,Intel,12,0
84990.0,0.0,0.0,0.0,13.75,HP,16.0,1024.0,SSD,High,0,AMD,0,0
79990.0,4.4,139.0,14.0,19.63,HP,16.0,512.0,SSD,High,0,Intel,12,0
67990.0,0.0,0.0,0.0,19.05,MSI,8.0,1024.0,SSD,High,0,Intel,12,1
53390.0,3.8,53.0,5.0,23.61,Lenovo,16.0,512.0,SSD,Mid,0,Intel,12,0
79990.0,4.2,29.0,3.0,38.46,Infinix,16.0,512.0,SSD,Mid,0,Intel,13,0
49490.0,0.0,0.0,0.0,16.67,HP,16.0,512.0,SSD,Mid,0,AMD,0,0
72990.0,4.2,61.0,7.0,20.65,SAMSUNG,16.0,512.0,SSD,Other,0,Intel,0,0
38990.0,4.2,5540.0,485.0,23.75,HP,8.0,512.0,SSD,Entry,0,Intel,12,0
36499.0,4.2,1164.0,66.0,38.02,Lenovo,8.0,512.0,SSD,Entry,0,Intel,12,0
53190.0,4.2,58.0,11.0,38.29,Lenovo,16.0,512.0,SSD,Mid,0,AMD,0,0
79990.0,4.2,29.0,3.0,38.46,Infinix,16.0,512.0,SSD,Mid,0,Intel,13,0
36990.0,4.2,3102.0,221.0,27.85,HP,8.0,512.0,SSD,Entry,0,Intel,12,0
35990.0,4.2,4238.0,411.0,34.67,Lenovo,8.0,512.0,SSD,Mid,0,AMD,0,0
45490.0,4.0,45.0,1.0,31.56,Lenovo,8.0,512.0,SSD,Mid,0,Intel,11,0
77759.0,4.2,133.0,12.0,16.39,Acer,16.0,512.0,SSD,Mid,0,Intel,13,0
60990.0,4.7,6.0,2.0,26.51,ASUS,8.0,512.0,SSD,Mid,0,Intel,11,0
37849.0,0.0,0.0,0.0,38.95,ASUS,8.0,512.0,SSD,Mid,0,AMD,0,0
27490.0,5.0,3.0,0.0,31.26,Thomson,8.0,256.0,SSD,Entry,0,Intel,12,0
54990.0,3.9,7.0,1.0,38.89,MSI,16.0,512.0,SSD,Mid,0,Intel,12,1
99990.0,4.6,16.0,1.0,46.27,Lenovo,16.0,1024.0,SSD,High,1,AMD,0,0
68990.0,4.2,40.0,5.0,31.01,Colorful,16.0,512.0,SSD,Mid,0,Intel,12,0
51990.0,4.2,112.0,15.0,23.53,MSI,8.0,512.0,SSD,Mid,0,Intel,12,1
43770.0,4.7,3.0,1.0,37.46,Thomson,16.0,512.0,SSD,High,0,Intel,12,0
68990.0,4.2,56.0,5.0,12.66,MSI,16.0,1024.0,SSD,High,0,Intel,13,1
82990.0,4.6,25.0,2.0,19.81,SAMSUNG,16.0,512.0,SSD,Other,0,Intel,0,0
19990.0,4.0,1566.0,210.0,33.34,Infinix,4.0,128.0,SSD,Entry,0,Intel,11,0
29990.0,4.3,60.0,6.0,52.72,HP,8.0,512.0,SSD,Mid,0,AMD,0,0
42990.0,4.2,5540.0,485.0,18.46,HP,16.0,512.0,SSD,Entry,0,Intel,12,0
28129.0,5.0,3.0,0.0,37.48,Thomson,8.0,512.0,SSD,Entry,0,Intel,12,0
129990.0,4.0,5.0,0.0,9.1,Acer,16.0,1024.0,SSD,High,1,Intel,14,0
35800.0,4.3,8671.0,751.0,28.39,ASUS,16.0,512.0,SSD,Entry,0,Intel,11,0
67990.0,0.0,0.0,0.0,19.05,MSI,8.0,1024.0,SSD,High,0,Intel,12,1
53390.0,3.8,53.0,5.0,23.61,Lenovo,16.0,512.0,SSD,Mid,0,Intel,12,0
47190.0,4.1,63.0,2.0,52.81,Lenovo,8.0,512.0,SSD,Mid,0,Intel,12,0
89990.0,4.5,4.0,0.0,26.89,Lenovo,16.0,512.0,SSD,High,0,Intel,13,0
54750.0,4.4,2210.0,249.0,23.95,ASUS,8.0,512.0,SSD,Mid,1,AMD,0,0
36990.0,4.2,3102.0,221.0,27.85,HP,8.0,512.0,SSD,Entry,0,Intel,12,0
35990.0,4.2,4238.0,411.0,34.67,Lenovo,8.0,512.0,SSD,Mid,0,AMD,0,0
32490.0,4.2,1066.0,109.0,30.86,Acer,8.0,512.0,SSD,Entry,0,Intel,12,0
27490.0,5.0,3.0,0.0,31.26,Thomson,8.0,256.0,SSD,Entry,0,Intel,12,0
54990.0,3.9,7.0,1.0,38.89,MSI,16.0,512.0,SSD,Mid,0,Intel,12,1
22490.0,3.7,5849.0,837.0,31.83,ASUS,4.0,1024.0,HDD,Entry,0,Intel,0,0
84990.0,4.3,43.0,11.0,29.17,Colorful,16.0,512.0,SSD,High,0,Intel,12,0
52990.0,4.3,51.0,5.0,41.12,Lenovo,16.0,512.0,SSD,High,0,AMD,0,0
58480.0,4.2,699.0,62.0,19.38,HP,8.0,512.0,SSD,Mid,0,Intel,12,0
51990.0,4.2,112.0,15.0,23.53,MSI,8.0,512.0,SSD,Mid,0,Intel,12,1
43770.0,4.7,3.0,1.0,37.46,Thomson,16.0,512.0,SSD,High,0,Intel,12,0
94990.0,2.8,4.0,0.0,50.25,DELL,16.0,1024.0,SSD,Ultra,0,AMD,0,0
36990.0,0.0,0.0,0.0,7.51,HP,8.0,512.0,SSD,Entry,0,Intel,0,0
42990.0,4.2,5540.0,485.0,18.46,HP,16.0,512.0,SSD,Entry,0,Intel,12,0
28129.0,5.0,3.0,0.0,37.48,Thomson,8.0,512.0,SSD,Entry,0,Intel,12,0
51900.0,4.4,2084.0,231.0,34.3,ASUS,8.0,256.0,SSD,Mid,0,AMD,0,0
35990.0,0.0,0.0,0.0,29.42,ASUS,8.0,512.0,SSD,Entry,0,AMD,0,0
57250.0,4.1,149.0,4.0,21.74,DELL,16.0,512.0,SSD,Mid,0,Intel,13,0
58990.0,0.0,0.0,0.0,34.45,MSI,16.0,512.0,SSD,Mid,0,Intel,12,1
67990.0,0.0,0.0,0.0,19.05,MSI,8.0,1024.0,SSD,High,0,Intel,12,1
53390.0,3.8,53.0,5.0,23.61,Lenovo,16.0,512.0,SSD,Mid,0,Intel,12,0
26890.0,3.7,710.0,49.0,22.93,Lenovo,4.0,256.0,SSD,Entry,0,Intel,0,0
69890.0,4.4,142.0,16.0,23.71,HP,16.0,1024.0,SSD,High,0,AMD,0,0
174990.0,0.0,0.0,0.0,15.46,Acer,16.0,1024.0,SSD,High,0,Intel,13,0
109990.0,4.3,338.0,46.0,28.53,Lenovo,16.0,512.0,SSD,High,0,Intel,13,0
36990.0,4.2,3102.0,221.0,27.85,HP,8.0,512.0,SSD,Entry,0,Intel,12,0
35990.0,4.2,4238.0,411.0,34.67,Lenovo,8.0,512.0,SSD,Mid,0,AMD,0,0
27990.0,0.0,0.0,0.0,34.89,ASUS,8.0,512.0,SSD,Entry,0,Intel,0,0
27490.0,5.0,3.0,0.0,31.26,Thomson,8.0,256.0,SSD,Entry,0,Intel,12,0
54990.0,3.9,7.0,1.0,38.89,MSI,16.0,512.0,SSD,Mid,0,Intel,12,1
18990.0,3.8,1602.0,144.0,42.44,ASUS,4.0,128.0,EMMC,Entry,0,Intel,0,0
103990.0,4.0,4.0,2.0,29.21,Lenovo,16.0,1024.0,SSD,High,0,Intel,13,0
39990.0,0.0,0.0,0.0,14.38,HP,8.0,256.0,SSD,Entry,0,Intel,12,0
63990.0,4.2,2186.0,165.0,11.53,HP,16.0,512.0,SSD,Mid,0,Intel,12,0
51990.0,4.2,112.0,15.0,23.53,MSI,8.0,512.0,SSD,Mid,0,Intel,12,1
43770.0,4.7,3.0,1.0,37.46,Thomson,16.0,512.0,SSD,High,0,Intel,12,0
41990.0,4.2,912.0,109.0,23.64,MSI,8.0,512.0,SSD,Mid,0,Intel,12,1
23990.0,3.9,2887.0,356.0,20.08,HP,4.0,128.0,EMMC,Entry,0,Intel,0,0
42990.0,4.2,5540.0,485.0,18.46,HP,16.0,512.0,SSD,Entry,0,Intel,12,0
67990.0,0.0,0.0,0.0,19.05,MSI,8.0,1024.0,SSD,High,0,Intel,12,1
54990.0,4.3,407.0,38.0,21.69,HP,16.0,512.0,SSD,Mid,0,AMD,0,0
42890.0,4.3,1885.0,234.0,31.91,MSI,8.0,512.0,SSD,Mid,0,AMD,0,1
69990.0,0.0,0.0,0.0,23.92,ASUS,16.0,512.0,SSD,Other,0,Intel,0,0
37990.0,4.0,5.0,1.0,46.18,Lenovo,8.0,512.0,SSD,Mid,0,AMD,0,0
36990.0,4.2,3102.0,221.0,27.85,HP,8.0,512.0,SSD,Entry,0,Intel,12,0
35990.0,4.2,4238.0,411.0,34.67,Lenovo,8.0,512.0,SSD,Mid,0,AMD,0,0
49990.0,4.4,31.0,0.0,37.5,Infinix,16.0,512.0,SSD,High,0,Intel,13,0
74990.0,4.2,105.0,12.0,35.9,ASUS,16.0,512.0,SSD,Other,0,Intel,0,0
27490.0,5.0,3.0,0.0,31.26,Thomson,8.0,256.0,SSD,Entry,0,Intel,12,0
54990.0,3.9,7.0,1.0,38.89,MSI,16.0,512.0,SSD,Mid,0,Intel,12,1
31490.0,4.2,730.0,78.0,28.43,Acer,8.0,512.0,SSD,Entry,0,Intel,0,0
25499.0,4.0,60.0,5.0,27.58,HP,8.0,512.0,SSD,Entry,0,AMD,0,0
83520.0,4.3,185.0,23.0,10.7,HP,16.0,512.0,SSD,Mid,0,Intel,12,0
34990.0,4.3,4.0,0.0,36.49,Lenovo,8.0,512.0,SSD,Mid,0,AMD,0,0
51990.0,4.2,112.0,15.0,23.53,MSI,8.0,512.0,SSD,Mid,0,Intel,12,1
43770.0,4.7,3.0,1.0,37.46,Thomson,16.0,512.0,SSD,High,0,Intel,12,0
79990.0,4.7,3.0,0.0,35.49,MSI,16.0,512.0,SSD,High,0,Intel,12,1
45990.0,0.0,0.0,0.0,29.25,Acer,16.0,512.0,SSD,Mid,0,Intel,12,0
42990.0,4.2,5540.0,485.0,18.46,HP,16.0,512.0,SSD,Entry,0,Intel,12,0
67990.0,0.0,0.0,0.0,19.05,MSI,8.0,1024.0,SSD,High,0,Intel,12,1
36890.0,4.3,760.0,74.0,19.08,HP,8.0,512.0,SSD,Entry,0,Intel,11,0
60990.0,4.2,594.0,44.0,18.89,HP,16.0,512.0,SSD,High,0,AMD,0,0
31999.0,3.7,12.0,1.0,34.55,DELL,8.0,512.0,SSD,Entry,0,Intel,12,0
91990.0,3.7,3.0,0.0,11.54,MSI,16.0,1024.0,SSD,High,0,Intel,13,1
53390.0,3.8,53.0,5.0,23.61,Lenovo,16.0,512.0,SSD,Mid,0,Intel,12,0
38990.0,4.2,5540.0,485.0,23.75,HP,8.0,512.0,SSD,Entry,0,Intel,12,0
89990.0,4.8,22.0,3.0,27.42,MSI,16.0,512.0,SSD,High,0,Intel,13,1
63990.0,3.9,11.0,3.0,55.47,GIGABYTE,16.0,512.0,SSD,Mid,0,Intel,12,0
36990.0,4.2,3102.0,221.0,27.85,HP,8.0,512.0,SSD,Entry,0,Intel,12,0
35990.0,4.2,4238.0,411.0,34.67,Lenovo,8.0,512.0,SSD,Mid,0,AMD,0,0
40990.0,4.1,92.0,8.0,29.74,DELL,8.0,256.0,SSD,Entry,0,Intel,11,0
149990.0,0.0,0.0,0.0,0.67,Acer,16.0,512.0,SSD,Mid,0,Intel,13,0
99990.0,4.4,76.0,4.0,25.93,ASUS,16.0,1024.0,SSD,Other,0,Intel,0,0
41990.0,3.5,19.0,1.0,40.01,Acer,16.0,512.0,SSD,High,0,AMD,0,0
27490.0,5.0,3.0,0.0,31.26,Thomson,8.0,256.0,SSD,Entry,0,Intel,12,0
54990.0,3.9,7.0,1.0,38.89,MSI,16.0,512.0,SSD,Mid,0,Intel,12,1
59990.0,0.0,0.0,0.0,32.59,HP,8.0,512.0,SSD,High,0,Intel,12,0
39890.0,4.3,1480.0,138.0,16.88,HP,8.0,512.0,SSD,Entry,0,Intel,10,0
51990.0,4.2,112.0,15.0,23.53,MSI,8.0,512.0,SSD,Mid,0,Intel,12,1
43770.0,4.7,3.0,1.0,37.46,Thomson,16.0,512.0,SSD,High,0,Intel,12,0
68699.0,4.6,23.0,1.0,31.29,Acer,8.0,512.0,SSD,Mid,0,Intel,11,0
16990.0,3.3,202.0,30.0,52.79,Ultimus,8.0,256.0,SSD,Entry,0,Intel,0,0
68490.0,2.3,3.0,0.0,18.18,HP,16.0,512.0,SSD,Mid,0,Intel,13,0
50999.0,4.5,4.0,2.0,32.0,HP,8.0,512.0,SSD,Mid,0,Intel,12,0
42990.0,4.2,5540.0,485.0,18.46,HP,16.0,512.0,SSD,Entry,0,Intel,12,0
28129.0,5.0,3.0,0.0,37.48,Thomson,8.0,512.0,SSD,Entry,0,Intel,12,0
48990.0,4.0,223.0,23.0,36.37,Lenovo,8.0,512.0,SSD,High,0,AMD,0,0
67990.0,0.0,0.0,0.0,19.05,MSI,8.0,1024.0,SSD,High,0,Intel,12,1
53390.0,3.8,53.0,5.0,23.61,Lenovo,16.0,512.0,SSD,Mid,0,Intel,12,0
68990.0,4.3,59.0,4.0,31.01,Acer,16.0,512.0,SSD,Mid,0,AMD,0,0
26990.0,3.4,9.0,3.0,55.0,Avita,8.0,512.0,SSD,Entry,0,Intel,12,0
34490.0,4.8,10.0,1.0,41.04,Lenovo,8.0,512.0,SSD,Entry,0,AMD,0,0
47490.0,0.0,0.0,0.0,35.55,Lenovo,16.0,512.0,SSD,High,0,AMD,0,0
36990.0,4.2,3102.0,221.0,27.85,HP,8.0,512.0,SSD,Entry,0,Intel,12,0
35990.0,4.2,4238.0,411.0,34.67,Lenovo,8.0,512.0,SSD,Mid,0,AMD,0,0
54990.0,4.2,58.0,11.0,36.2,Lenovo,16.0,512.0,SSD,Mid,0,AMD,0,0
49199.0,4.1,1741.0,134.0,35.94,Lenovo,8.0,512.0,SSD,Mid,0,Intel,12,0
27490.0,5.0,3.0,0.0,31.26,Thomson,8.0,256.0,SSD,Entry,0,Intel,12,0
54990.0,3.9,7.0,1.0,38.89,MSI,16.0,512.0,SSD,Mid,0,Intel,12,1
58990.0,4.1,35.0,0.0,28.05,ASUS,8.0,1024.0,SSD,Mid,1,Intel,11,0
24990.0,4.0,4273.0,587.0,28.58,Infinix,8.0,256.0,SSD,Entry,0,Intel,11,0
51990.0,3.9,7.0,1.0,40.23,MSI,8.0,512.0,SSD,Mid,0,Intel,12,1
35963.0,4.4,1619.0,241.0,34.6,ASUS,8.0,512.0,SSD,Mid,0,AMD,0,0
51990.0,4.2,112.0,15.0,23.53,MSI,8.0,512.0,SSD,Mid,0,Intel,12,1
43770.0,4.7,3.0,1.0,37.46,Thomson,16.0,512.0,SSD,High,0,Intel,12,0
59990.0,4.0,43.0,7.0,25.0,Lenovo,8.0,512.0,SSD,Mid,0,Intel,12,0
57000.0,4.5,2.0,1.0,28.74,ASUS,16.0,512.0,SSD,Mid,0,AMD,0,0
42990.0,4.2,5540.0,485.0,18.46,HP,16.0,512.0,SSD,Entry,0,Intel,12,0
28129.0,5.0,3.0,0.0,37.48,Thomson,8.0,512.0,SSD,Entry,0,Intel,12,0
32999.0,4.2,26.0,5.0,40.95,DELL,8.0,256.0,SSD,Entry,0,Intel,11,0
51990.0,4.1,68.0,8.0,33.34,MSI,16.0,512.0,SSD,Mid,0,Intel,13,1
117990.0,4.2,10.0,0.0,9.42,SAMSUNG,16.0,512.0,SSD,High,0,Intel,13,0
64990.0,4.3,882.0,116.0,25.29,ASUS,16.0,512.0,SSD,Mid,0,AMD,0,0
67990.0,0.0,0.0,0.0,19.05,MSI,8.0,1024.0,SSD,High,0,Intel,12,1
53390.0,3.8,53.0,5.0,23.61,Lenovo,16.0,512.0,SSD,Mid,0,Intel,12,0
87490.0,3.7,9.0,2.0,15.91,HP,16.0,512.0,SSD,High,0,Intel,13,0
36990.0,4.2,3102.0,221.0,27.85,HP,8.0,512.0,SSD,Entry,0,Intel,12,0
35990.0,4.2,4238.0,411.0,34.67,Lenovo,8.0,512.0,SSD,Mid,0,AMD,0,0
34990.0,3.8,513.0,59.0,30.92,DELL,8.0,1024.0,HDD,Entry,0,AMD,0,0
34666.0,4.2,1124.0,94.0,30.81,HP,8.0,512.0,SSD,Entry,0,Intel,11,0
33499.0,3.7,19.0,1.0,25.38,HP,8.0,512.0,SSD,Entry,0,Intel,11,0
27490.0,5.0,3.0,0.0,31.26,Thomson,8.0,256.0,SSD,Entry,0,Intel,12,0
54990.0,3.9,7.0,1.0,38.89,MSI,16.0,512.0,SSD,Mid,0,Intel,12,1
27900.0,3.8,103.0,11.0,17.86,HP,8.0,512.0,SSD,Entry,0,Intel,0,0
35800.0,4.3,12482.0,943.0,24.28,HP,8.0,256.0,SSD,Entry,0,Intel,11,0
51990.0,4.2,112.0,15.0,23.53,MSI,8.0,512.0,SSD,Mid,0,Intel,12,1
43770.0,4.7,3.0,1.0,37.46,Thomson,16.0,512.0,SSD,High,0,Intel,12,0
89000.0,4.7,19.0,2.0,27.05,Lenovo,16.0,512.0,SSD,High,0,Intel,13,0
439990.0,0.0,0.0,0.0,12.0,MSI,64.0,2048.0,SSD,Ultra,0,Intel,14,1
102990.0,4.0,4.0,1.0,27.42,Lenovo,24.0,512.0,SSD,High,0,Intel,13,0
59800.0,4.4,309.0,34.0,20.26,ASUS,16.0,512.0,SSD,Mid,0,AMD,0,0
42990.0,4.2,5540.0,485.0,18.46,HP,16.0,512.0,SSD,Entry,0,Intel,12,0
67990.0,0.0,0.0,0.0,19.05,MSI,8.0,1024.0,SSD,High,0,Intel,12,1
85990.0,0.0,0.0,0.0,13.13,HP,16.0,512.0,SSD,Ultra,0,Intel,0,0
53390.0,3.8,53.0,5.0,23.61,Lenovo,16.0,512.0,SSD,Mid,0,Intel,12,0
38990.0,4.2,5540.0,485.0,23.75,HP,8.0,512.0,SSD,Entry,0,Intel,12,0
169990.0,0.0,0.0,0.0,8.35,HP,32.0,1024.0,SSD,Ultra,0,Intel,0,0
139990.0,4.7,23.0,2.0,13.04,SAMSUNG,16.0,512.0,SSD,Ultra,0,Intel,0,0
32990.0,4.2,4277.0,361.0,17.51,HP,8.0,512.0,SSD,Entry,0,AMD,0,0
66990.0,4.5,1602.0,170.0,3.03,HP,16.0,512.0,SSD,Mid,0,AMD,0,0
114190.0,3.7,6.0,1.0,29.64,Lenovo,16.0,1024.0,SSD,High,0,Intel,13,0
71990.0,0.0,0.0,0.0,10.85,HP,16.0,512.0,SSD,Ultra,0,Intel,0,0
18590.0,3.5,1348.0,157.0,15.46,ASUS,4.0,32.0,EMMC,Entry,0,Intel,0,0
44649.0,4.3,8333.0,601.0,35.29,ASUS,8.0,512.0,SSD,Mid,0,Intel,11,0
68990.0,0.0,0.0,0.0,19.77,Lenovo,16.0,512.0,SSD,Mid,0,Intel,13,0
117990.0,4.2,10.0,0.0,9.42,SAMSUNG,16.0,512.0,SSD,High,0,Intel,13,0
34990.0,3.9,44.0,10.0,47.58,Lenovo,8.0,512.0,SSD,Mid,0,AMD,0,0
59890.0,4.5,2805.0,273.0,33.45,ASUS,16.0,512.0,SSD,Mid,1,Intel,11,0
67990.0,0.0,0.0,0.0,18.07,MSI,16.0,512.0,SSD,Mid,0,Intel,13,1
43650.0,4.1,33.0,4.0,26.0,ASUS,8.0,512.0,SSD,Entry,0,Intel,13,0
48490.0,3.0,2.0,2.0,28.91,HP,8.0,512.0,SSD,High,0,AMD,5,0
39490.0,4.2,1164.0,66.0,28.45,Lenovo,8.0,512.0,SSD,Entry,0,Intel,12,0
59699.0,0.0,0.0,0.0,39.64,ASUS,8.0,256.0,SSD,High,0,Intel,8,0
37890.0,4.2,629.0,60.0,22.66,HP,8.0,512.0,SSD,Entry,0,Intel,11,0
31490.0,4.4,147.0,15.0,32.7,Lenovo,4.0,256.0,SSD,Entry,0,Intel,10,0
82990.0,4.6,25.0,2.0,19.81,SAMSUNG,16.0,512.0,SSD,Other,0,Intel,0,0
96190.0,4.3,338.0,46.0,28.1,Lenovo,16.0,512.0,SSD,High,0,Intel,13,0
119990.0,0.0,0.0,0.0,11.11,MSI,16.0,1024.0,SSD,High,0,AMD,0,1
58990.0,0.0,0.0,0.0,34.45,MSI,16.0,512.0,SSD,Mid,0,Intel,12,1
24990.0,3.8,163.0,10.0,24.88,HP,8.0,1024.0,HDD,Other,0,AMD,0,0
36990.0,4.2,3102.0,221.0,27.85,HP,8.0,512.0,SSD,Entry,0,Intel,12,0
35990.0,4.2,4238.0,411.0,34.67,Lenovo,8.0,512.0,SSD,Mid,0,AMD,0,0
35990.0,0.0,0.0,0.0,29.42,ASUS,8.0,512.0,SSD,Entry,0,AMD,0,0
51900.0,4.4,2084.0,231.0,34.3,ASUS,8.0,256.0,SSD,Mid,0,AMD,0,0
174990.0,0.0,0.0,0.0,8.85,ASUS,16.0,1024.0,SSD,Ultra,1,AMD,0,0
68990.0,4.4,677.0,69.0,28.88,Acer,8.0,512.0,SSD,Mid,0,Intel,12,0
27490.0,5.0,3.0,0.0,31.26,Thomson,8.0,256.0,SSD,Entry,0,Intel,12,0
54990.0,3.9,7.0,1.0,38.89,MSI,16.0,512.0,SSD,Mid,0,Intel,12,1
76990.0,4.8,5.0,0.0,28.04,ASUS,16.0,512.0,SSD,Other,0,Intel,0,0
67490.0,4.5,4.0,0.0,21.51,ASUS,16.0,512.0,SSD,High,0,Intel,12,0
51990.0,4.2,112.0,15.0,23.53,MSI,8.0,512.0,SSD,Mid,0,Intel,12,1
43770.0,4.7,3.0,1.0,37.46,Thomson,16.0,512.0,SSD,High,0,Intel,12,0
52990.0,4.3,3464.0,341.0,36.15,SAMSUNG,8.0,512.0,SSD,Mid,0,Intel,12,0
28990.0,4.2,68.0,8.0,30.98,Acer,8.0,256.0,SSD,Entry,0,Intel,12,0
149990.0,4.7,23.0,2.0,13.04,SAMSUNG,16.0,512.0,SSD,Ultra,0,Intel,0,0
124990.0,4.5,19.0,2.0,27.75,MSI,16.0,1024.0,SSD,High,0,Intel,12,1
42990.0,4.2,5540.0,485.0,18.46,HP,16.0,512.0,SSD,Entry,0,Intel,12,0
67990.0,0.0,0.0,0.0,19.05,MSI,8.0,1024.0,SSD,High,0,Intel,12,1
54000.0,4.3,1548.0,148.0,20.59,HP,16.0,512.0,SSD,Mid,0,AMD,0,0
114990.0,4.0,5.0,1.0,17.5,HP,16.0,1024.0,SSD,High,0,Intel,13,0
53390.0,3.8,53.0,5.0,23.61,Lenovo,16.0,512.0,SSD,Mid,0,Intel,12,0
38990.0,4.2,5540.0,485.0,23.75,HP,8.0,512.0,SSD,Entry,0,Intel,12,0
56990.0,4.2,171.0,14.0,34.94,Lenovo,16.0,512.0,SSD,Mid,1,AMD,0,0
48990.0,4.3,251.0,25.0,37.18,Lenovo,8.0,512.0,SSD,Mid,1,AMD,0,0
31890.0,3.8,29.0,2.0,26.16,HP,8.0,512.0,SSD,Entry,0,Intel,12,0
209990.0,4.2,6.0,0.0,16.67,ASUS,16.0,1024.0,SSD,Other,1,Intel,0,0
36990.0,4.2,3102.0,221.0,27.85,HP,8.0,512.0,SSD,Entry,0,Intel,12,0
35990.0,4.2,4238.0,411.0,34.67,Lenovo,8.0,512.0,SSD,Mid,0,AMD,0,0
139990.0,0.0,0.0,0.0,12.5,MSI,32.0,1024.0,SSD,Ultra,0,Intel,0,1
33490.0,4.1,1064.0,93.0,38.54,Lenovo,8.0,512.0,SSD,Entry,0,AMD,0,0
27490.0,5.0,3.0,0.0,31.26,Thomson,8.0,256.0,SSD,Entry,0,Intel,12,0
54990.0,3.9,7.0,1.0,38.89,MSI,16.0,512.0,SSD,Mid,0,Intel,12,1
51490.0,4.2,1304.0,120.0,33.44,HP,8.0,512.0,SSD,Mid,0,AMD,0,0
27990.0,3.7,3.0,0.0,34.89,ASUS,8.0,512.0,SSD,Entry,0,Intel,0,0
67500.0,3.8,38.0,6.0,48.08,Lenovo,16.0,512.0,SSD,Mid,0,Intel,12,0
44990.0,4.1,560.0,45.0,33.87,DELL,8.0,512.0,SSD,Mid,0,Intel,11,0
51990.0,4.2,112.0,15.0,23.53,MSI,8.0,512.0,SSD,Mid,0,Intel,12,1
43770.0,4.7,3.0,1.0,37.46,Thomson,16.0,512.0,SSD,High,0,Intel,12,0
43500.0,4.2,5880.0,417.0,32.34,Lenovo,8.0,512.0,SSD,Mid,0,Intel,11,0
54999.0,4.0,226.0,19.0,24.43,HP,8.0,512.0,SSD,Mid,0,Intel,13,0
42990.0,4.2,5540.0,485.0,18.46,HP,16.0,512.0,SSD,Entry,0,Intel,12,0
67990.0,0.0,0.0,0.0,19.05,MSI,8.0,1024.0,SSD,High,0,Intel,12,1
52990.0,4.5,13.0,3.0,30.27,ASUS,16.0,512.0,SSD,Other,1,AMD,0,0
24187.0,3.8,1626.0,220.0,29.85,HP,4.0,1024.0,HDD,Entry,0,AMD,0,0
34390.0,4.2,268.0,22.0,53.15,DELL,8.0,512.0,SSD,Entry,0,Intel,11,0
39200.0,4.4,1726.0,273.0,33.55,ASUS,8.0,256.0,SSD,Entry,0,Intel,11,0
36990.0,4.2,3102.0,221.0,27.85,HP,8.0,512.0,SSD,Entry,0,Intel,12,0
35990.0,4.2,4238.0,411.0,34.67,Lenovo,8.0,512.0,SSD,Mid,0,AMD,0,0
37890.0,4.2,629.0,60.0,22.66,HP,8.0,512.0,SSD,Entry,0,Intel,11,0
32400.0,4.1,233.0,12.0,25.96,HP,8.0,512.0,SSD,Entry,0,Intel,11,0
38689.0,4.2,531.0,65.0,26.31,HP,8.0,512.0,SSD,Entry,0,Intel,11,0
104990.0,0.0,0.0,0.0,11.02,MSI,16.0,512.0,SSD,High,0,AMD,0,1
27490.0,5.0,3.0,0.0,31.26,Thomson,8.0,256.0,SSD,Entry,0,Intel,12,0
54990.0,3.9,7.0,1.0,38.89,MSI,16.0,512.0,SSD,Mid,0,Intel,12,1
33786.0,4.3,6722.0,601.0,39.11,Lenovo,8.0,512.0,SSD,Entry,0,Intel,11,0
50190.0,4.1,163.0,16.0,50.91,Lenovo,8.0,512.0,SSD,Mid,0,Intel,12,0
51990.0,4.2,112.0,15.0,23.53,MSI,8.0,512.0,SSD,Mid,0,Intel,12,1
43770.0,4.7,3.0,1.0,37.46,Thomson,16.0,512.0,SSD,High,0,Intel,12,0
25990.0,4.2,587.0,37.0,31.61,Lenovo,8.0,512.0,SSD,Other,0,AMD,0,0
54700.0,4.3,3950.0,330.0,25.06,ASUS,8.0,256.0,SSD,Mid,0,Intel,11,0
57990.0,4.2,9.0,1.0,31.77,Lenovo,8.0,512.0,SSD,Entry,0,Intel,12,0
42990.0,4.2,5540.0,485.0,18.46,HP,16.0,512.0,SSD,Entry,0,Intel,12,0
67990.0,0.0,0.0,0.0,19.05,MSI,8.0,1024.0,SSD,High,0,Intel,12,1
145890.0,0.0,0.0,0.0,2.73,MSI,16.0,1024.0,SSD,High,0,Intel,13,1
74990.0,4.6,46.0,5.0,32.44,ASUS,16.0,512.0,SSD,Mid,0,AMD,0,0
53390.0,3.8,53.0,5.0,23.61,Lenovo,16.0,512.0,SSD,Mid,0,Intel,12,0
38990.0,4.2,5540.0,485.0,23.75,HP,8.0,512.0,SSD,Entry,0,Intel,12,0
66967.0,4.6,527.0,88.0,41.25,ASUS,16.0,256.0,SSD,High,1,AMD,0,0
101430.0,0.0,0.0,0.0,14.53,HP,16.0,1024.0,SSD,High,0,Intel,13,0
144990.0,0.0,0.0,0.0,11.04,MSI,16.0,1024.0,SSD,High,0,Intel,14,1
36990.0,4.2,3102.0,221.0,27.85,HP,8.0,512.0,SSD,Entry,0,Intel,12,0
35990.0,4.2,4238.0,411.0,34.67,Lenovo,8.0,512.0,SSD,Mid,0,AMD,0,0
68990.0,4.3,1795.0,146.0,14.4,HP,16.0,1024.0,SSD,Mid,0,Intel,12,0
34790.0,4.1,2162.0,248.0,33.08,Acer,8.0,512.0,SSD,Mid,0,AMD,0,0
27490.0,5.0,3.0,0.0,31.26,Thomson,8.0,256.0,SSD,Entry,0,Intel,12,0
54990.0,3.9,7.0,1.0,38.89,MSI,16.0,512.0,SSD,Mid,0,Intel,12,1
43139.0,4.4,724.0,91.0,42.47,ASUS,8.0,256.0,SSD,Mid,0,Intel,10,0
54749.0,4.2,164.0,17.0,35.59,DELL,8.0,256.0,SSD,Mid,0,Intel,11,0
64480.0,4.2,226.0,17.0,19.72,HP,16.0,512.0,SSD,Mid,0,Intel,12,0
51990.0,4.2,112.0,15.0,23.53,MSI,8.0,512.0,SSD,Mid,0,Intel,12,1
43770.0,4.7,3.0,1.0,37.46,Thomson,16.0,512.0,SSD,High,0,Intel,12,0
64990.0,4.1,7.0,1.0,23.45,HP,16.0,512.0,SSD,Mid,0,Intel,13,0
41990.0,4.2,12.0,0.0,19.23,MSI,8.0,512.0,SSD,Entry,0,Intel,13,1
42990.0,4.2,5540.0,485.0,18.46,HP,16.0,512.0,SSD,Entry,0,Intel,12,0
28129.0,5.0,3.0,0.0,37.48,Thomson,8.0,512.0,SSD,Entry,0,Intel,12,0
68990.0,0.0,0.0,0.0,10.79,HP,8.0,512.0,SSD,Ultra,0,Intel,0,0
64990.0,4.2,171.0,14.0,34.74,Lenovo,16.0,512.0,SSD,Mid,1,AMD,0,0
37052.0,4.3,550.0,77.0,38.25,Mi,8.0,512.0,SSD,Mid,0,Intel,10,0
67990.0,0.0,0.0,0.0,19.05,MSI,8.0,1024.0,SSD,High,0,Intel,12,1
53390.0,3.8,53.0,5.0,23.61,Lenovo,16.0,512.0,SSD,Mid,0,Intel,12,0
58990.0,5.0,1.0,1.0,14.49,MSI,16.0,512.0,SSD,Mid,0,Intel,13,1
58490.0,0.0,0.0,0.0,19.87,ASUS,16.0,512.0,SSD,Mid,0,Intel,12,0
36990.0,4.2,3102.0,221.0,27.85,HP,8.0,512.0,SSD,Entry,0,Intel,12,0
35990.0,4.2,4238.0,411.0,34.67,Lenovo,8.0,512.0,SSD,Mid,0,AMD,0,0
94990.0,2.8,4.0,0.0,17.4,Acer,16.0,1024.0,SSD,High,0,Intel,13,0
46990.0,4.3,123.0,14.0,32.86,Infinix,16.0,512.0,SSD,High,0,Intel,12,0
33990.0,4.2,25.0,2.0,44.58,DELL,8.0,256.0,SSD,Entry,0,Intel,12,0
47701.0,4.0,814.0,124.0,26.61,Infinix,16.0,512.0,SSD,Mid,0,Intel,10,0
27490.0,5.0,3.0,0.0,31.26,Thomson,8.0,256.0,SSD,Entry,0,Intel,12,0
54990.0,3.9,7.0,1.0,38.89,MSI,16.0,512.0,SSD,Mid,0,Intel,12,1
76656.0,4.3,196.0,24.0,17.57,HP,16.0,1024.0,SSD,Mid,0,Intel,13,0
51990.0,4.2,112.0,15.0,23.53,MSI,8.0,512.0,SSD,Mid,0,Intel,12,1
43770.0,4.7,3.0,1.0,37.46,Thomson,16.0,512.0,SSD,High,0,Intel,12,0
79990.0,0.0,0.0,0.0,19.63,HP,16.0,512.0,SSD,High,0,Intel,12,0
44990.0,4.2,261.0,16.0,17.53,HP,8.0,512.0,SSD,Entry,0,Intel,13,0
55479.0,3.0,4.0,0.0,21.39,DELL,8.0,512.0,SSD,Mid,0,AMD,0,0
104990.0,4.5,26.0,9.0,32.69,MSI,16.0,1024.0,SSD,High,0,Intel,13,1
42990.0,4.2,5540.0,485.0,18.46,HP,16.0,512.0,SSD,Entry,0,Intel,12,0
67990.0,0.0,0.0,0.0,19.05,MSI,8.0,1024.0,SSD,High,0,Intel,12,1
189990.0,0.0,0.0,0.0,14.03,Acer,16.0,1024.0,SSD,High,1,Intel,14,0
58990.0,3.8,13.0,1.0,25.32,ASUS,16.0,512.0,SSD,Mid,0,AMD,0,0
53390.0,3.8,53.0,5.0,23.61,Lenovo,16.0,512.0,SSD,Mid,0,Intel,12,0
38990.0,4.2,5540.0,485.0,23.75,HP,8.0,512.0,SSD,Entry,0,Intel,12,0
49990.0,3.6,8.0,1.0,21.44,HP,8.0,512.0,SSD,Mid,0,AMD,0,0
56990.0,4.3,592.0,49.0,32.15,MSI,8.0,512.0,SSD,Mid,0,Intel,11,1
53990.0,4.1,222.0,40.0,22.87,Infinix,16.0,512.0,SSD,High,0,Intel,10,0
46990.0,4.2,79.0,5.0,18.94,HP,8.0,512.0,SSD,Mid,0,AMD,0,0
36990.0,4.2,3102.0,221.0,27.85,HP,8.0,512.0,SSD,Entry,0,Intel,12,0
35990.0,4.2,4238.0,411.0,34.67,Lenovo,8.0,512.0,SSD,Mid,0,AMD,0,0
64990.0,4.2,171.0,14.0,34.74,Lenovo,16.0,512.0,SSD,Mid,1,AMD,0,0
102890.0,0.0,0.0,0.0,20.85,DELL,16.0,1024.0,SSD,High,0,Intel,13,0
27490.0,5.0,3.0,0.0,31.26,Thomson,8.0,256.0,SSD,Entry,0,Intel,12,0
54990.0,3.9,7.0,1.0,38.89,MSI,16.0,512.0,SSD,Mid,0,Intel,12,1
28990.0,3.8,19.0,4.0,27.34,Lenovo,8.0,512.0,SSD,Entry,0,AMD,0,0
50990.0,4.2,800.0,75.0,37.05,Lenovo,8.0,512.0,SSD,Mid,0,Intel,11,0
84490.0,0.0,0.0,0.0,21.36,HP,16.0,512.0,SSD,Ultra,0,Intel,0,0
16990.0,3.8,54.0,4.0,48.5,ASUS,4.0,64.0,EMMC,Entry,0,Intel,0,0
51990.0,4.2,112.0,15.0,23.53,MSI,8.0,512.0,SSD,Mid,0,Intel,12,1
43770.0,4.7,3.0,1.0,37.46,Thomson,16.0,512.0,SSD,High,0,Intel,12,0
27999.0,4.1,3127.0,320.0,17.63,ASUS,4.0,256.0,SSD,Entry,0,Intel,0,0
42990.0,4.2,5540.0,485.0,18.46,HP,16.0,512.0,SSD,Entry,0,Intel,12,0
67990.0,0.0,0.0,0.0,19.05,MSI,8.0,1024.0,SSD,High,0,Intel,12,1
32990.0,4.3,997.0,119.0,41.08,Lenovo,8.0,512.0,SSD,Entry,0,AMD,0,0
29990.0,0.0,0.0,0.0,11.63,HP,4.0,64.0,EMMC,Other,0,Intel,0,0
45990.0,3.1,12.0,1.0,54.01,Lenovo,8.0,512.0,SSD,Mid,0,Intel,12,0
36990.0,4.2,3102.0,221.0,27.85,HP,8.0,512.0,SSD,Entry,0,Intel,12,0
35990.0,4.2,4238.0,411.0,34.67,Lenovo,8.0,512.0,SSD,Mid,0,AMD,0,0
45899.0,4.4,55.0,8.0,41.16,Lenovo,8.0,512.0,SSD,Mid,0,AMD,0,0
27490.0,5.0,3.0,0.0,31.26,Thomson,8.0,256.0,SSD,Entry,0,Intel,12,0
44990.0,4.1,63.0,0.0,33.33,DELL,8.0,512.0,SSD,Mid,0,Intel,11,0
54990.0,3.9,7.0,1.0,38.89,MSI,16.0,512.0,SSD,Mid,0,Intel,12,1
51990.0,4.2,112.0,15.0,23.53,MSI,8.0,512.0,SSD,Mid,0,Intel,12,1
26749.0,0.0,0.0,0.0,25.79,HP,8.0,256.0,SSD,Entry,0,Intel,0,0
20130.0,4.0,3386.0,450.0,37.07,ASUS,4.0,64.0,EMMC,Entry,0,Intel,0,0
43770.0,4.7,3.0,1.0,37.46,Thomson,16.0,512.0,SSD,High,0,Intel,12,0
42990.0,4.2,5540.0,485.0,18.46,HP,16.0,512.0,SSD,Entry,0,Intel,12,0
32191.0,4.1,319.0,29.0,26.49,Lenovo,8.0,1024.0,HDD,Entry,0,Intel,10,0
47990.0,4.3,579.0,54.0,36.0,Lenovo,8.0,512.0,SSD,Mid,0,Intel,11,0
69999.0,4.4,463.0,34.0,26.74,HP,16.0,512.0,SSD,High,0,AMD,0,0
67990.0,0.0,0.0,0.0,19.05,MSI,8.0,1024.0,SSD,High,0,Intel,12,1
53390.0,3.8,53.0,5.0,23.61,Lenovo,16.0,512.0,SSD,Mid,0,Intel,12,0
93890.0,0.0,0.0,0.0,24.45,DELL,16.0,512.0,SSD,High,0,Intel,13,0
48990.0,4.2,82.0,4.0,24.86,HP,8.0,512.0,SSD,Mid,0,Intel,12,0
38990.0,4.2,5540.0,485.0,23.75,HP,8.0,512.0,SSD,Entry,0,Intel,12,0
36499.0,4.2,1164.0,66.0,38.02,Lenovo,8.0,512.0,SSD,Entry,0,Intel,12,0
55990.0,4.2,110.0,9.0,30.87,MSI,8.0,256.0,SSD,Mid,0,Intel,11,1
76990.0,4.4,518.0,70.0,36.11,Acer,16.0,256.0,SSD,High,0,AMD,0,0
35700.0,4.3,3164.0,324.0,27.04,HP,8.0,256.0,SSD,Entry,0,Intel,11,0
36990.0,4.0,33.0,4.0,14.12,DELL,8.0,512.0,SSD,Entry,0,Intel,11,0
36990.0,4.2,3102.0,221.0,27.85,HP,8.0,512.0,SSD,Entry,0,Intel,12,0
35990.0,4.2,4238.0,411.0,34.67,Lenovo,8.0,512.0,SSD,Mid,0,AMD,0,0
94990.0,4.7,9.0,3.0,12.05,Acer,16.0,1024.0,SSD,Ultra,0,Intel,0,0
37990.0,4.1,1644.0,215.0,34.83,DELL,8.0,512.0,SSD,Entry,0,Intel,11,0
85990.0,4.4,31.0,6.0,20.37,MSI,8.0,512.0,SSD,High,0,Intel,12,1
31490.0,4.2,1066.0,109.0,30.02,Acer,8.0,256.0,SSD,Entry,0,Intel,12,0
27490.0,5.0,3.0,0.0,31.26,Thomson,8.0,256.0,SSD,Entry,0,Intel,12,0
54990.0,3.9,7.0,1.0,38.89,MSI,16.0,512.0,SSD,Mid,0,Intel,12,1
61999.0,4.1,139.0,7.0,26.86,HP,16.0,512.0,SSD,Mid,0,Intel,12,0
47380.0,4.0,63.0,5.0,21.03,HP,8.0,512.0,SSD,Mid,0,Intel,12,0
51990.0,4.2,112.0,15.0,23.53,MSI,8.0,512.0,SSD,Mid,0,Intel,12,1
43770.0,4.7,3.0,1.0,37.46,Thomson,16.0,512.0,SSD,High,0,Intel,12,0
55990.0,0.0,0.0,0.0,27.28,Acer,16.0,1024.0,SSD,High,0,Intel,12,0
93371.0,4.5,180.0,29.0,33.3,MSI,16.0,1024.0,SSD,High,0,Intel,11,1
68990.0,3.8,17.0,1.0,43.86,Lenovo,16.0,1024.0,SSD,Mid,0,Intel,12,0
42990.0,4.2,5540.0,485.0,18.46,HP,16.0,512.0,SSD,Entry,0,Intel,12,0
67990.0,0.0,0.0,0.0,19.05,MSI,8.0,1024.0,SSD,High,0,Intel,12,1
53999.0,4.2,230.0,22.0,24.63,HP,8.0,512.0,SSD,Mid,0,Intel,12,0
53390.0,3.8,53.0,5.0,23.61,Lenovo,16.0,512.0,SSD,Mid,0,Intel,12,0
38990.0,4.2,5540.0,485.0,23.75,HP,8.0,512.0,SSD,Entry,0,Intel,12,0
54999.0,4.0,17.0,3.0,21.42,Lenovo,16.0,512.0,SSD,Mid,0,Intel,12,0
45042.0,3.6,194.0,38.0,40.8,Vaio,8.0,512.0,SSD,High,0,AMD,0,0
29880.0,3.7,4662.0,545.0,27.1,ASUS,4.0,1024.0,HDD,Entry,0,Intel,10,0
63990.0,4.4,407.0,55.0,17.1,HP,8.0,512.0,SSD,Mid,0,Intel,11,0
36990.0,4.2,3102.0,221.0,27.85,HP,8.0,512.0,SSD,Entry,0,Intel,12,0
35990.0,4.2,4238.0,411.0,34.67,Lenovo,8.0,512.0,SSD,Mid,0,AMD,0,0
74990.0,0.0,0.0,0.0,25.0,MSI,16.0,1024.0,SSD,Ultra,1,Intel,0,1
41990.0,3.4,56.0,3.0,33.34,Acer,8.0,512.0,SSD,Mid,0,Intel,12,0
27490.0,5.0,3.0,0.0,31.26,Thomson,8.0,256.0,SSD,Entry,0,Intel,12,0
54990.0,3.9,7.0,1.0,38.89,MSI,16.0,512.0,SSD,Mid,0,Intel,12,1
58790.0,4.3,1275.0,141.0,39.94,Lenovo,16.0,512.0,SSD,Mid,0,Intel,11,0
23990.0,3.9,1117.0,186.0,15.14,ASUS,4.0,1024.0,HDD,Other,0,AMD,0,0
50490.0,4.1,87.0,4.0,29.37,HP,16.0,512.0,SSD,Mid,0,Intel,12,0
51990.0,4.2,112.0,15.0,23.53,MSI,8.0,512.0,SSD,Mid,0,Intel,12,1
43770.0,4.7,3.0,1.0,37.46,Thomson,16.0,512.0,SSD,High,0,Intel,12,0
61399.0,0.0,0.0,0.0,43.14,DELL,16.0,512.0,SSD,Mid,0,Intel,12,0
30990.0,4.3,231.0,26.0,31.13,Acer,8.0,512.0,SSD,Entry,0,AMD,0,0
42990.0,4.2,5540.0,485.0,18.46,HP,16.0,512.0,SSD,Entry,0,Intel,12,0
28129.0,5.0,3.0,0.0,37.48,Thomson,8.0,512.0,SSD,Entry,0,Intel,12,0
121990.0,3.2,5.0,1.0,13.48,ASUS,16.0,1024.0,SSD,Ultra,0,Intel,0,0
36280.0,3.7,21.0,1.0,29.14,HP,8.0,512.0,SSD,Entry,0,Intel,12,0
57099.0,4.2,756.0,63.0,21.77,ASUS,8.0,256.0,SSD,Mid,0,Intel,11,0
199990.0,0.0,0.0,0.0,16.67,ASUS,16.0,1024.0,SSD,Ultra,1,Intel,14,0
54990.0,3.9,7.0,1.0,38.89,MSI,16.0,512.0,SSD,Mid,0,Intel,12,1
67990.0,0.0,0.0,0.0,19.05,MSI,8.0,1024.0,SSD,High,0,Intel,12,1
56990.0,4.1,139.0,7.0,24.16,HP,8.0,512.0,SSD,Mid,0,Intel,12,0
71990.0,0.0,0.0,0.0,12.2,ASUS,16.0,512.0,SSD,Mid,1,AMD,0,0
84490.0,2.3,3.0,0.0,14.78,HP,16.0,512.0,SSD,Mid,0,AMD,0,0
124990.0,0.0,0.0,0.0,13.2,ASUS,16.0,512.0,SSD,High,1,AMD,0,0
112990.0,4.9,8.0,0.0,21.88,HP,16.0,512.0,SSD,High,0,AMD,0,0
154990.0,0.0,0.0,0.0,10.92,MSI,16.0,1024.0,SSD,High,0,Intel,14,1
32990.0,4.2,624.0,112.0,26.67,Infinix,8.0,256.0,SSD,Entry,0,Intel,11,0
32990.0,4.1,1198.0,110.0,25.02,Acer,8.0,512.0,SSD,Entry,0,Intel,11,0
142990.0,0.0,0.0,0.0,16.86,ASUS,16.0,1024.0,SSD,Ultra,1,AMD,0,0
124990.0,0.0,0.0,0.0,10.72,MSI,16.0,1024.0,SSD,High,0,Intel,14,1
25015.0,4.0,221.0,18.0,8.0,Lenovo,4.0,1024.0,HDD,Other,0,AMD,0,0
71990.0,0.0,0.0,0.0,12.2,ASUS,16.0,512.0,SSD,Mid,1,AMD,0,0
189990.0,0.0,0.0,0.0,10.8,MSI,32.0,1024.0,SSD,Ultra,0,Intel,0,1
94490.0,0.0,0.0,0.0,14.4,HP,16.0,512.0,SSD,High,0,AMD,0,0
34990.0,4.3,854.0,98.0,43.19,Lenovo,8.0,256.0,SSD,Entry,0,Intel,11,0
56990.0,4.5,10.0,2.0,27.67,Lenovo,16.0,512.0,SSD,High,0,Intel,11,0
30990.0,4.4,379.0,59.0,42.6,MSI,8.0,256.0,SSD,Entry,0,Intel,10,1
46990.0,4.3,123.0,14.0,32.86,Infinix,16.0,512.0,SSD,High,0,Intel,12,0
64990.0,0.0,0.0,0.0,26.97,MSI,16.0,512.0,SSD,Ultra,1,Intel,0,1
174990.0,0.0,0.0,0.0,8.85,ASUS,16.0,1024.0,SSD,Ultra,1,AMD,0,0
91990.0,4.6,8.0,1.0,32.41,Lenovo,16.0,512.0,SSD,High,0,Intel,13,0
41990.0,4.3,640.0,60.0,35.39,ASUS,8.0,512.0,SSD,Mid,0,Intel,10,0
36990.0,4.2,3102.0,221.0,27.85,HP,8.0,512.0,SSD,Entry,0,Intel,12,0
35990.0,4.2,4238.0,411.0,34.67,Lenovo,8.0,512.0,SSD,Mid,0,AMD,0,0
37890.0,0.0,0.0,0.0,22.66,HP,8.0,512.0,SSD,Entry,0,Intel,11,0
79990.0,3.8,17.0,1.0,25.1,DELL,16.0,1024.0,SSD,High,0,Intel,13,0
27490.0,5.0,3.0,0.0,31.26,Thomson,8.0,256.0,SSD,Entry,0,Intel,12,0
54990.0,3.9,7.0,1.0,38.89,MSI,16.0,512.0,SSD,Mid,0,Intel,12,1
42492.0,4.0,2590.0,490.0,23.42,Avita,8.0,512.0,SSD,Mid,0,AMD,0,0
25846.0,3.8,611.0,53.0,30.08,HP,8.0,256.0,SSD,Entry,0,Intel,0,0
69990.0,0.0,0.0,0.0,30.0,Infinix,16.0,512.0,SSD,Ultra,0,Intel,0,0
36078.0,4.3,4029.0,466.0,28.7,HP,8.0,512.0,SSD,Entry,0,AMD,0,0
51990.0,4.2,112.0,15.0,23.53,MSI,8.0,512.0,SSD,Mid,0,Intel,12,1
43770.0,4.7,3.0,1.0,37.46,Thomson,16.0,512.0,SSD,High,0,Intel,12,0
47490.0,3.7,20.0,2.0,44.78,Lenovo,8.0,512.0,SSD,Entry,0,Intel,12,0
50990.0,4.4,1160.0,103.0,21.54,MSI,8.0,512.0,SSD,Mid,0,Intel,11,1
42990.0,4.2,5540.0,485.0,18.46,HP,16.0,512.0,SSD,Entry,0,Intel,12,0
28129.0,5.0,3.0,0.0,37.48,Thomson,8.0,512.0,SSD,Entry,0,Intel,12,0
24990.0,4.1,402.0,55.0,41.87,Avita,4.0,256.0,SSD,Entry,0,Intel,8,0
94990.0,0.0,0.0,0.0,15.95,HP,16.0,512.0,SSD,High,0,Intel,13,0
76990.0,3.8,9.0,2.0,14.45,ASUS,16.0,512.0,SSD,Other,0,Intel,0,0
40399.0,0.0,0.0,0.0,32.67,HP,16.0,512.0,SSD,Mid,0,AMD,0,0
67990.0,0.0,0.0,0.0,19.05,MSI,8.0,1024.0,SSD,High,0,Intel,12,1
53390.0,3.8,53.0,5.0,23.61,Lenovo,16.0,512.0,SSD,Mid,0,Intel,12,0
28190.0,4.0,7.0,3.0,23.17,Lenovo,4.0,128.0,EMMC,Entry,0,Intel,0,0
95990.0,4.3,9.0,4.0,31.44,Colorful,16.0,512.0,SSD,High,0,Intel,13,0
87990.0,0.0,0.0,0.0,11.11,MSI,16.0,512.0,SSD,Mid,0,Intel,13,1
19190.0,3.7,1565.0,221.0,23.21,ASUS,4.0,64.0,EMMC,Entry,0,Intel,0,0
36990.0,4.2,3102.0,221.0,27.85,HP,8.0,512.0,SSD,Entry,0,Intel,12,0
35990.0,4.2,4238.0,411.0,34.67,Lenovo,8.0,512.0,SSD,Mid,0,AMD,0,0
49600.0,4.4,1438.0,144.0,35.58,ASUS,8.0,512.0,SSD,Mid,0,AMD,0,0
74990.0,0.0,0.0,0.0,16.68,Acer,16.0,512.0,SSD,High,0,AMD,0,0
27490.0,5.0,3.0,0.0,31.26,Thomson,8.0,256.0,SSD,Entry,0,Intel,12,0
54990.0,3.9,7.0,1.0,38.89,MSI,16.0,512.0,SSD,Mid,0,Intel,12,1
43990.0,4.3,4624.0,518.0,7.58,HP,8.0,256.0,SSD,Entry,0,AMD,0,0
51990.0,4.5,608.0,78.0,34.18,ASUS,8.0,256.0,SSD,Mid,0,AMD,0,0
35400.0,4.2,811.0,83.0,39.53,Lenovo,8.0,512.0,SSD,Mid,0,AMD,0,0
34990.0,4.2,430.0,38.0,31.38,ASUS,8.0,512.0,SSD,Entry,0,Intel,12,0
51990.0,4.2,112.0,15.0,23.53,MSI,8.0,512.0,SSD,Mid,0,Intel,12,1
43770.0,4.7,3.0,1.0,37.46,Thomson,16.0,512.0,SSD,High,0,Intel,12,0
40980.0,4.1,14.0,3.0,21.11,DELL,8.0,512.0,SSD,Entry,0,Intel,13,0
59960.0,4.3,148.0,19.0,18.47,HP,8.0,512.0,SSD,Mid,0,AMD,0,0
42990.0,4.2,5540.0,485.0,18.46,HP,16.0,512.0,SSD,Entry,0,Intel,12,0
67990.0,0.0,0.0,0.0,19.05,MSI,8.0,1024.0,SSD,High,0,Intel,12,1
77500.0,4.4,508.0,77.0,48.33,Acer,16.0,512.0,SSD,High,1,Intel,11,0
79990.0,4.1,108.0,16.0,38.47,Acer,16.0,512.0,SSD,Ultra,0,Intel,0,0
32990.0,4.3,3897.0,457.0,34.02,Infinix,8.0,256.0,SSD,Entry,0,Intel,10,0
53390.0,3.8,53.0,5.0,23.61,Lenovo,16.0,512.0,SSD,Mid,0,Intel,12,0
38990.0,4.2,5540.0,485.0,23.75,HP,8.0,512.0,SSD,Entry,0,Intel,12,0
